PRAGMA foreign_keys=OFF;
BEGIN TRANSACTION;
CREATE TABLE cars(
  id int PRIMARY KEY,
  brand varchar NOT NULL CHECK (length(brand) <= 45),
  type varchar NOT NULL CHECK (length(type) <= 45),
  year smallint NOT NULL CHECK (length(year) = 4),
  batteryCapacity float DEFAULT 0,
  verified tinyint DEFAULT 0 CHECK (length(verified) = 1),
  edition varchar DEFAULT NULL,
  imageURL varchar DEFAULT '' 
  );
INSERT INTO cars VALUES(1,'Nissan','Leaf',2018,40.0,1,NULL,'https://ev-database.nl/img/auto/Nissan_Leaf_2018/Nissan_Leaf_2018-01.jpg');
INSERT INTO cars VALUES(2,'Tesla','Model S',2016,85.0,1,NULL,'https://ev-database.nl/img/auto/Tesla_Model_S_2016/Tesla_Model_S_2016-01.jpg');
INSERT INTO cars VALUES(3,'Tesla','Model S',2015,85.0,1,NULL,'https://hips.hearstapps.com/amv-prod-cad-assets.s3.amazonaws.com/images/15q2/657948/2015-tesla-model-s-70d-instrumented-test-review-car-and-driver-photo-658384-s-original.jpg');
INSERT INTO cars VALUES(4,'Toyota','Prius',2015,85.0,1,NULL,'https://hips.hearstapps.com/amv-prod-cad-assets.s3.amazonaws.com/images/15q2/657948/2015-toyota-prius-review-car-and-driver-photo-660322-s-original.jpg');
INSERT INTO cars VALUES(5,'Renault','Zoe',2017,40.999999999999996447,1,'R90','https://car-images.bauersecure.com/pagefiles/68546/1040x585/zoeweb-001.jpg');
INSERT INTO cars VALUES(6,'Volvo ','V60',2013,85.0,1,NULL,'https://media2.autokopen.nl/afbeeldingen/volvo-v60-2013-257500-800.jpg');
INSERT INTO cars VALUES(7,'Ford','C-max energi',2015,85.0,1,NULL,'https://icdn2.digitaltrends.com/image/2013-ford-cmax-plugin-front-left-angle-640x640.jpg?ver=1');
INSERT INTO cars VALUES(8,'Audi','A3',2013,85.0,1,NULL,'https://parkers-images.bauersecure.com/pagefiles/202042/cut-out/331x220/audi-a3-sb-01.jpg\r\n');
INSERT INTO cars VALUES(9,'Ford','C-max energi',2015,85.0,1,NULL,'https://icdn2.digitaltrends.com/image/2013-ford-cmax-plugin-front-left-angle-640x640.jpg?ver=1');
INSERT INTO cars VALUES(10,'Chevrolet','Volt',2012,85.0,1,NULL,'https://file.kbb.com/kbb/vehicleimage/housenew/480x360/2012/2012-chevrolet-volt-frontside_chvolt121.jpg');
INSERT INTO cars VALUES(11,'Volvo','XC-60',2018,10.400000000000000355,1,'T8 Twin-Engine','https://ev-database.nl/img/auto/Volvo_XC-60/Volvo_XC-60-01.jpg');
INSERT INTO cars VALUES(12,'Chevrolet','volt',2013,85.0,1,NULL,'https://cars.usnews.com/static/images/Auto/custom/12098/2013-Chevrolet-Volt-005-medium.jpg');
INSERT INTO cars VALUES(13,'Volkswagen','Egolf',2013,85.0,1,NULL,'https://media.treehugger.com/assets/images/2012/03/volkswagen-golf-blue-e-motion_1_bkEwC_69.jpeg');
INSERT INTO cars VALUES(116,'BMW','330e',2015,7.5999999999999996447,1,NULL,'https://media.autoweek.nl/m/8mqy7a0bxrg9_800.jpg');
INSERT INTO cars VALUES(117,'BMW','X5',2016,9.0,1,'xDrive40e','https://www.autocar.co.uk/sites/autocar.co.uk/files/styles/gallery_slide/public/images/car-reviews/first-drives/legacy/bmw-x40e-ac-003.jpg?itok=tMdX72RY');
INSERT INTO cars VALUES(118,'Mercedes','GLE 500e Plug-In',2015,8.8000000000000007105,1,NULL,'https://ev-database.nl/img/auto/Mercedes_GLE_500e_Plug-In/Mercedes_GLE_500e_Plug-In-01.jpg');
INSERT INTO cars VALUES(119,'Volkswagen','Passat GTE',2015,9.9000000000000003552,1,NULL,'https://images.autowereld.com/high/108861-volkswagen-passat-gte-2015-10.jpg');
INSERT INTO cars VALUES(120,'Volkswagen','Passat GTE',2015,9.9000000000000003552,1,'Variant','https://static.autoblog.nl/images/wp2014/volkswagen-passat-gte-variant-550.jpg');
INSERT INTO cars VALUES(121,'Volvo','XC-90',2014,10.400000000000000355,1,'T8 Twin-Engine','https://car-images.bauersecure.com/pagefiles/20706/1040x585/volvoxc90_t8_1.jpg');
INSERT INTO cars VALUES(122,'Opel','Ampera-e',2017,60.0,1,NULL,'https://www.carblogger.nl/wp-content/uploads/2017/02/opel-ampera-e-2017-1200x700.jpg');
INSERT INTO cars VALUES(123,'Tesla','Model X',2016,75.0,1,'75D','https://ev-database.nl/img/auto/Tesla_Model_X/Tesla_Model_X-01.jpg');
INSERT INTO cars VALUES(124,'Hyundai','IONIQ',2018,8.9000000000000003552,1,'Plug-in','https://cdn.motor1.com/images/mgl/k0rPB/s1/2018-hyundai-ioniq-plug-in-hybrid-why-buy.jpg');
INSERT INTO cars VALUES(125,'Hyundai','IONIQ',2017,30.499999999999998223,1,'Electric','https://icdn2.digitaltrends.com/image/2017-hyundai-ioniq-ev-side-angle-640x640.jpg?ver=1');
INSERT INTO cars VALUES(126,'Kia','Optima',2016,9.8000000000000007105,1,'Plug-in Hybrid','https://ev-database.nl/img/auto/Kia_Optima_Plug-in_Hybrid/Kia_Optima_Plug-in_Hybrid-01.jpg');
INSERT INTO cars VALUES(127,'Toyota','Prius',2016,8.8000000000000007105,1,'Plug-in Hybrid','https://static.autoblog.nl/images/wp2016/toyota-prius-phev-2016-voor.jpg');
INSERT INTO cars VALUES(128,'Tesla','Model S',2016,75.0,1,'75D','https://ev-database.nl/img/auto/Tesla_Model_S_2016/Tesla_Model_S_2016-01.jpg');
INSERT INTO cars VALUES(129,'Tesla','Model S',2016,100.0,1,'P100D','https://www.dagelijksauto.nl/wp-content/gallery/tesla-model-s-model-x-p100d-ludicrous-2016-nieuwsbericht/Tesla-Model-S-2016-1.jpg');
INSERT INTO cars VALUES(130,'Tesla','Model X',2017,100.0,1,'P100D','https://autoweek.com/sites/default/files/styles/gen-1200-675/public/2120x920_mx-city.png');
INSERT INTO cars VALUES(131,'Audi','A3',2016,8.8000000000000007105,1,'Sportback E-Tron','https://ev-database.nl/img/auto/Audi_A3_Sportback_E-Tron-2016/Audi_A3_Sportback_E-Tron-2016-01.jpg');
INSERT INTO cars VALUES(132,'Volkswagen','e-Up!',2014,18.699999999999999289,1,NULL,'https://media.autoweek.nl/m/m1my6qhbavyh_800.jpg');
INSERT INTO cars VALUES(133,'BMW','740e',2016,9.1999999999999992894,1,NULL,'https://cdn1.autoexpress.co.uk/sites/autoexpressuk/files/styles/article_main_image/public/2016/07/_bl72029_01.jpg?itok=aCx2RqWC');
INSERT INTO cars VALUES(134,'Porsche','Panamera 4 E-Hybrid',2017,14.099999999999999644,1,NULL,'https://car-images.bauersecure.com/pagefiles/69207/panamera_hybrid_01.jpg');
INSERT INTO cars VALUES(135,'Volkswagen','e-Golf',2017,35.799999999999996269,1,NULL,'https://topgear.nl/thumbs/hd/2017/08/Volkswagen-e-Golf-1.jpg');
INSERT INTO cars VALUES(136,'Tesla','Model S',2017,100.0,1,'100D','https://www.groen7.nl/files/2017/tesla-model-s-100d-rood.jpg');
INSERT INTO cars VALUES(137,'Tesla','Model X',2017,100.0,1,'100D','https://www.leasecosts.ca/sites/default/files/styles/car_thumb_big/public/2017-09/tesla_canada_model_x_0.jpg?itok=wR0YCWwR');
INSERT INTO cars VALUES(138,'Citroen','C-Zero',2016,16.000000000000000888,1,NULL,'https://elektrischeauto.com/wp-content/uploads/2016/11/Citroen-C-zero-1080x640.jpg');
INSERT INTO cars VALUES(139,'Peugeot','iOn',2017,16.000000000000000888,1,NULL,'https://i.ytimg.com/vi/Bx4fBdXG-_o/maxresdefault.jpg');
INSERT INTO cars VALUES(140,'Jaguar','I-Pace',2018,90.0,1,NULL,'https://topgear.nl/thumbs/hd/2018/03/jaguar-i-pace-2018-5.jpg');
INSERT INTO cars VALUES(141,'Renault','Kangoo',2017,32.999999999999998223,1,'Maxi ZE 33','https://ev-database.nl/img/auto/Renault_Kangoo_Maxi_ZE33/Renault_Kangoo_Maxi_ZE33-01.jpg');
INSERT INTO cars VALUES(142,'Citroen','E-Berlingo',2017,22.5,1,'Multispace','https://media.autoweek.nl/m/0fsywiqbkkul_800.jpg');
INSERT INTO cars VALUES(143,'Peugeot','Partner',2017,22.5,1,'Tepee Electric','https://www.groen7.nl/files/2017/partner-tepee-10000.jpg');
INSERT INTO cars VALUES(145,'Volkswagen','Golf GTE',2017,8.6999999999999992894,1,NULL,'https://cdn2.autoexpress.co.uk/sites/autoexpressuk/files/2017/03/dsc_3724.jpg');
INSERT INTO cars VALUES(146,'Mini','Countryman',2017,7.5999999999999996447,1,'Cooper S E ALL4','https://i.ytimg.com/vi/zIv4H46tKzw/maxresdefault.jpg');
INSERT INTO cars VALUES(147,'BMW','530e',2017,9.1999999999999992894,1,'iPerformance','https://topgear.nl/thumbs/hd/2017/06/bmw-530e-iperformance-3.jpg');
INSERT INTO cars VALUES(148,'Kia','Optima',2017,11.300000000000001154,1,'Sportswagon PHEV','https://d2t6ms4cjod3h9.cloudfront.net/wp-content/uploads/2017/12/OPTIMA_01.jpg');
INSERT INTO cars VALUES(149,'Kia','Niro',2018,8.9000000000000003552,1,'PHEV','https://hips.hearstapps.com/amv-prod-cad-assets.s3.amazonaws.com/images/18q1/699327/2018-kia-niro-plug-in-hybrid-test-review-car-and-driver-photo-701589-s-original.jpg?crop=1xw:1xh;center,center&resize=900:*');
INSERT INTO cars VALUES(150,'Nissan','e-NV200 Evalia',2018,40.0,1,NULL,'https://i.ytimg.com/vi/99kpJm03XbI/maxresdefault.jpg');
INSERT INTO cars VALUES(151,'Kia','Soul EV',2015,32.999999999999998223,1,NULL,'https://car-images.bauersecure.com/pagefiles/11330/k_5023.jpg');
INSERT INTO cars VALUES(152,'Hyundai','Kona',2018,67.000000000000001776,1,'Electric 64 kWh','https://zerauto.nl/wp-content/uploads/sites/2/2018/06/hyundai-kona-electric-prijs-2018-04-640x480.jpg');
INSERT INTO cars VALUES(153,'Renault','Zoe',2018,40.999999999999996447,1,'R110','https://media.renault.nl/wp-content/uploads/2018/02/01-Nieuwe-elektromotor-voor-Renault-ZOE-1170x780.jpg');
INSERT INTO cars VALUES(154,'Mitsubishi','Outlander PHEV',2016,13.800000000000001065,1,NULL,'https://www.driving.co.uk/s3/st-driving-prod/uploads/2015/12/Mitsu.jpg');
INSERT INTO cars VALUES(155,'Smart','EQ fortwo',2018,17.600000000000002309,1,'coupe','https://evcompare.io/upload/resize_cache/iblock/a20/1200_800_2/a2045c898c3c371b8d32bcafe74f44a7.jpg');
INSERT INTO cars VALUES(156,'Smart','EQ fortwo',2018,17.600000000000002309,1,'cabrio','https://ev-database.nl/img/auto/Smart_cabrio/Smart_cabrio-01.jpg');
INSERT INTO cars VALUES(157,'Smart','EQ forfour',2018,17.600000000000002309,1,NULL,'https://c.slashgear.com/wp-content/uploads/2018/03/smart-eq-forfour-1.jpg');
INSERT INTO cars VALUES(158,'Volvo','S90',2018,10.400000000000000355,1,'T8 Twin-Engine','https://ev-database.nl/img/auto/Volvo_S90/Volvo_S90-01.jpg');
INSERT INTO cars VALUES(159,'Volvo','V90',2018,10.400000000000000355,1,'T8 Twin-Engine','https://car-images.bauersecure.com/pagefiles/77375/1040x585/volvo_v90_t8_01.jpg');
INSERT INTO cars VALUES(161,'Volvo','V60',2018,10.400000000000000355,1,'T8 Twin-Engine','https://d2t6ms4cjod3h9.cloudfront.net/wp-content/uploads/2018/03/IMG_0896.jpg');
INSERT INTO cars VALUES(162,'BMW','i3',2018,42.200000000000006394,1,'120 Ah','https://www.elektrischeauto.nl/wp-content/uploads/2018/10/BMW_i3_2019-01@2x-1024x576.jpg');
INSERT INTO cars VALUES(163,'BMW','225xe',2017,7.5999999999999996447,1,'iPerformance','https://www.carbuyer.com.sg/cb-content/uploads/2017/10/bmw-225xe-singapore-price-20174.jpg');
INSERT INTO cars VALUES(164,'BMW','i3s',2018,42.200000000000006394,1,'120 Ah','https://ev-database.nl/img/auto/BMW_i3_2019/BMW_i3_2019-01.jpg');
INSERT INTO cars VALUES(184,'Peugeot','E-Legend',2019,100.0,1,'','https://www.wsupercars.com/wallpapers/Peugeot/2018-Peugeot-e-Legend-Concept-V3-1080.jpg');
CREATE TABLE car_of_user (
  carId int NOT NULL,
  userId int NOT NULL,
  batteryPercentage int DEFAULT 0,
  startedAt datetime DEFAULT NULL,
  mailed tinyint DEFAULT 0 CHECK (length(mailed) <= 4),
  PRIMARY KEY (carId, userId),
  FOREIGN KEY (carId)
  REFERENCES cars (id) 
    ON UPDATE CASCADE
    ON DELETE CASCADE
);
INSERT INTO car_of_user VALUES(1,1,0,NULL,0);
INSERT INTO car_of_user VALUES(2,2,0,NULL,0);
INSERT INTO car_of_user VALUES(3,3,0,NULL,0);
INSERT INTO car_of_user VALUES(4,4,0,NULL,0);
INSERT INTO car_of_user VALUES(5,27,0,NULL,0);
INSERT INTO car_of_user VALUES(6,6,0,NULL,0);
INSERT INTO car_of_user VALUES(6,28,0,NULL,0);
INSERT INTO car_of_user VALUES(7,7,0,NULL,0);
INSERT INTO car_of_user VALUES(8,8,0,NULL,0);
INSERT INTO car_of_user VALUES(9,9,0,NULL,0);
INSERT INTO car_of_user VALUES(10,10,0,NULL,0);
INSERT INTO car_of_user VALUES(12,11,0,NULL,0);
INSERT INTO car_of_user VALUES(12,12,0,NULL,0);
INSERT INTO car_of_user VALUES(13,13,0,NULL,0);
INSERT INTO car_of_user VALUES(118,18,0,NULL,0);
INSERT INTO car_of_user VALUES(125,18,0,NULL,0);
INSERT INTO car_of_user VALUES(126,17,0,NULL,0);
INSERT INTO car_of_user VALUES(127,5,0,NULL,0);
INSERT INTO car_of_user VALUES(129,18,0,NULL,0);
INSERT INTO car_of_user VALUES(134,18,0,NULL,0);
INSERT INTO car_of_user VALUES(138,18,0,NULL,0);
INSERT INTO car_of_user VALUES(140,18,0,NULL,0);
INSERT INTO car_of_user VALUES(184,15,0,NULL,0);
INSERT INTO car_of_user VALUES(184,18,0,NULL,0);
INSERT INTO car_of_user VALUES(184,20,0,NULL,0);
CREATE TABLE charging_stations (
  id int PRIMARY KEY,
  particleDeviceId varchar NOT NULL UNIQUE CHECK (length(particleDeviceId) <= 45)
);
INSERT INTO charging_stations VALUES(1,'340021000c47343233323032');
INSERT INTO charging_stations VALUES(2,'3f0024001047343438323536');
CREATE TABLE charging_station_sockets (
  id int PRIMARY KEY,
  chargingStationId int DEFAULT NULL,
  FOREIGN KEY (chargingStationId)
  REFERENCES charging_stations (id) 
    ON UPDATE NO ACTION
    ON DELETE NO ACTION
);
INSERT INTO charging_station_sockets VALUES(1,1);
INSERT INTO charging_station_sockets VALUES(2,1);
INSERT INTO charging_station_sockets VALUES(3,2);
INSERT INTO charging_station_sockets VALUES(4,2);
CREATE TABLE data (
  id bigint PRIMARY KEY,
  sensorID int NOT NULL,
  dateTime datetime NOT NULL,
  unixtime int UNSIGNED NOT NULL,
  min int NOT NULL,
  avr int NOT NULL,
  max int NOT NULL
);
INSERT INTO data VALUES(1,1,'2017-08-01 13:30:52',1501587052,0,82736,0);
INSERT INTO data VALUES(2,1,'2017-08-01 13:31:23',1501587083,0,0,0);
INSERT INTO data VALUES(3,1,'2017-08-01 13:31:54',1501587114,0,200000,0);
INSERT INTO data VALUES(4,1,'2017-08-01 13:32:24',1501587144,0,200000,0);
INSERT INTO data VALUES(5,1,'2017-08-01 13:32:55',1501587175,0,200000,0);
INSERT INTO data VALUES(6,1,'2017-08-01 13:33:25',1501587205,0,200000,0);
INSERT INTO data VALUES(7,1,'2017-08-01 13:33:56',1501587236,0,200000,0);
INSERT INTO data VALUES(8,1,'2017-08-01 13:34:26',1501587266,0,200000,0);
INSERT INTO data VALUES(9,1,'2017-08-01 13:34:57',1501587297,0,200000,0);
INSERT INTO data VALUES(10,1,'2017-08-01 13:36:31',1501587392,0,0,0);
INSERT INTO data VALUES(11,1,'2017-08-01 13:37:02',1501587423,0,129670,0);
INSERT INTO data VALUES(12,1,'2017-08-01 13:37:33',1501587454,0,129811,0);
INSERT INTO data VALUES(13,1,'2017-08-01 13:38:04',1501587485,0,129575,0);
INSERT INTO data VALUES(14,1,'2017-08-01 13:38:34',1501587515,0,129657,0);
INSERT INTO data VALUES(15,1,'2017-08-01 13:39:05',1501587545,0,129621,0);
INSERT INTO data VALUES(16,1,'2017-08-01 13:39:35',1501587576,0,129623,0);
INSERT INTO data VALUES(17,1,'2017-08-01 13:40:06',1501587607,0,129616,0);
INSERT INTO data VALUES(18,1,'2017-08-01 13:40:37',1501587638,0,129805,0);
INSERT INTO data VALUES(19,1,'2017-08-01 13:42:32',1501587753,0,0,0);
INSERT INTO data VALUES(20,1,'2017-08-01 13:43:03',1501587784,0,129670,0);
INSERT INTO data VALUES(21,1,'2017-08-01 13:43:34',1501587815,0,199941,0);
INSERT INTO data VALUES(22,1,'2017-08-01 13:44:05',1501587846,0,200000,0);
INSERT INTO data VALUES(23,1,'2017-08-01 13:44:37',1501587877,0,200000,0);
INSERT INTO data VALUES(24,1,'2017-08-01 13:45:07',1501587907,0,200000,0);
INSERT INTO data VALUES(25,1,'2017-08-01 13:45:37',1501587937,0,200000,0);
INSERT INTO data VALUES(26,1,'2017-08-01 13:46:07',1501587967,0,200000,0);
INSERT INTO data VALUES(27,1,'2017-08-01 13:46:37',1501587998,0,200000,0);
INSERT INTO data VALUES(28,1,'2017-08-01 13:47:09',1501588029,0,200000,0);
INSERT INTO data VALUES(29,1,'2017-08-01 13:47:39',1501588060,0,200000,0);
INSERT INTO data VALUES(30,1,'2017-08-01 13:48:09',1501588090,0,200000,0);
INSERT INTO data VALUES(31,1,'2017-08-01 13:50:42',1501588243,0,0,200000);
INSERT INTO data VALUES(32,1,'2017-08-01 13:51:13',1501588274,104078,152662,154822);
INSERT INTO data VALUES(33,1,'2017-08-01 13:51:44',1501588305,144908,154061,154676);
INSERT INTO data VALUES(34,1,'2017-08-01 13:52:14',1501588335,154090,154411,154676);
INSERT INTO data VALUES(35,1,'2017-08-01 13:52:45',1501588366,149206,154311,154676);
INSERT INTO data VALUES(36,1,'2017-08-01 13:53:16',1501588397,151501,154425,155067);
INSERT INTO data VALUES(37,1,'2017-08-01 13:53:49',1501588430,149987,154407,154676);
INSERT INTO data VALUES(38,1,'2017-08-01 13:54:20',1501588461,151746,154494,155457);
INSERT INTO data VALUES(39,1,'2017-08-01 13:55:10',1501588510,0,0,155067);
INSERT INTO data VALUES(40,1,'2017-08-01 13:55:41',1501588541,0,141204,200000);
INSERT INTO data VALUES(41,1,'2017-08-01 13:56:12',1501588572,81904,196190,200000);
INSERT INTO data VALUES(42,1,'2017-08-01 13:56:43',1501588603,200000,200000,200000);
INSERT INTO data VALUES(43,1,'2017-08-01 13:57:13',1501588633,0,40329,200000);
INSERT INTO data VALUES(44,1,'2017-08-01 13:57:42',1501588663,0,0,0);
INSERT INTO data VALUES(45,1,'2017-08-01 13:58:13',1501588693,71452,187371,200000);
INSERT INTO data VALUES(46,1,'2017-08-01 13:59:33',1501588773,200000,200000,200000);
INSERT INTO data VALUES(47,1,'2017-08-01 14:00:04',1501588804,200000,200000,200000);
INSERT INTO data VALUES(48,1,'2017-08-01 14:00:34',1501588834,200000,200000,200000);
INSERT INTO data VALUES(49,1,'2017-08-01 14:01:05',1501588865,109890,151851,200000);
INSERT INTO data VALUES(50,1,'2017-08-01 14:01:36',1501588897,109841,110471,110915);
INSERT INTO data VALUES(51,1,'2017-08-01 14:02:07',1501588927,110280,110520,110818);
INSERT INTO data VALUES(52,1,'2017-08-01 14:02:38',1501588958,110134,110504,110769);
INSERT INTO data VALUES(53,1,'2017-08-01 14:03:09',1501588989,108571,110463,111257);
INSERT INTO data VALUES(54,1,'2017-08-01 14:03:40',1501589020,110183,110521,111306);
INSERT INTO data VALUES(55,1,'2017-08-01 14:04:11',1501589052,110329,110517,110866);
INSERT INTO data VALUES(56,1,'2017-08-01 14:04:42',1501589083,108864,110429,110818);
INSERT INTO data VALUES(57,1,'2017-08-01 14:05:13',1501589113,110183,110479,110720);
INSERT INTO data VALUES(58,1,'2017-08-01 14:05:44',1501589144,107985,110499,110866);
INSERT INTO data VALUES(59,1,'2017-08-01 14:06:15',1501589176,110231,110580,110915);
INSERT INTO data VALUES(60,1,'2017-08-01 14:06:46',1501589207,110183,110476,110769);
INSERT INTO data VALUES(61,1,'2017-08-01 14:07:17',1501589238,109645,110492,110720);
INSERT INTO data VALUES(62,1,'2017-08-01 14:07:48',1501589268,110183,110523,110818);
INSERT INTO data VALUES(63,1,'2017-08-01 14:08:19',1501589300,110280,110481,110720);
INSERT INTO data VALUES(64,1,'2017-08-01 14:08:50',1501589331,110329,110479,110671);
INSERT INTO data VALUES(65,1,'2017-08-01 14:09:21',1501589361,110134,110456,110671);
INSERT INTO data VALUES(66,1,'2017-08-01 14:09:52',1501589392,108131,110476,111159);
INSERT INTO data VALUES(67,1,'2017-08-01 14:10:23',1501589424,110085,110486,110915);
INSERT INTO data VALUES(68,1,'2017-08-01 14:34:11',1501590852,300000,300000,300000);
INSERT INTO data VALUES(69,1,'2017-08-01 14:34:42',1501590882,300000,300000,300000);
INSERT INTO data VALUES(70,1,'2017-08-01 14:35:13',1501590913,300000,300000,300000);
INSERT INTO data VALUES(71,1,'2017-08-01 14:35:44',1501590944,300000,300000,300000);
INSERT INTO data VALUES(72,1,'2017-08-01 14:36:43',1501591004,300000,300000,300000);
INSERT INTO data VALUES(73,1,'2017-08-01 14:37:14',1501591035,300000,300000,300000);
INSERT INTO data VALUES(74,1,'2017-08-01 14:37:45',1501591066,300000,300000,300000);
INSERT INTO data VALUES(75,1,'2017-08-01 14:38:16',1501591097,300000,300000,300000);
INSERT INTO data VALUES(76,1,'2017-08-01 14:38:47',1501591128,300000,300000,300000);
INSERT INTO data VALUES(77,1,'2017-08-01 14:39:18',1501591159,300000,300000,300000);
INSERT INTO data VALUES(78,1,'2017-08-01 14:39:49',1501591190,300000,300000,300000);
INSERT INTO data VALUES(79,1,'2017-08-01 14:40:20',1501591221,300000,300000,300000);
INSERT INTO data VALUES(80,1,'2017-08-01 14:40:51',1501591252,300000,300000,300000);
INSERT INTO data VALUES(81,1,'2017-08-01 14:41:22',1501591283,300000,300000,300000);
INSERT INTO data VALUES(82,1,'2017-08-01 14:41:53',1501591314,300000,300000,300000);
INSERT INTO data VALUES(83,1,'2017-08-01 14:42:24',1501591345,300000,300000,300000);
INSERT INTO data VALUES(84,1,'2017-08-01 14:42:55',1501591376,300000,300000,300000);
INSERT INTO data VALUES(85,1,'2017-08-01 14:43:26',1501591407,300000,300000,300000);
INSERT INTO data VALUES(86,1,'2017-08-01 14:43:57',1501591438,300000,300000,300000);
INSERT INTO data VALUES(87,1,'2017-08-01 14:44:29',1501591469,300000,300000,300000);
INSERT INTO data VALUES(88,1,'2017-08-01 14:44:59',1501591500,300000,300000,300000);
INSERT INTO data VALUES(89,1,'2017-08-01 14:45:30',1501591531,300000,300000,300000);
INSERT INTO data VALUES(90,2,'2017-08-02 11:12:50',1501665170,0,0,0);
INSERT INTO data VALUES(91,2,'2017-08-02 14:28:03',1501676883,0,1655,102637);
INSERT INTO data VALUES(92,2,'2017-08-02 14:38:02',1501677483,0,0,0);
INSERT INTO data VALUES(93,2,'2017-08-02 15:43:55',1501681436,0,158,4908);
INSERT INTO data VALUES(94,2,'2017-08-02 15:53:55',1501682036,0,636,4322);
INSERT INTO data VALUES(95,2,'2017-08-02 16:05:42',1501682743,0,0,219);
INSERT INTO data VALUES(96,2,'2017-08-02 16:15:42',1501683342,0,3,1904);
INSERT INTO data VALUES(97,4,'2017-08-02 16:22:25',1501683745,0,115296,120512);
INSERT INTO data VALUES(98,2,'2017-08-02 16:27:33',1501684053,0,3,1172);
INSERT INTO data VALUES(99,4,'2017-08-02 16:32:26',1501684347,109010,117441,119413);
INSERT INTO data VALUES(100,2,'2017-08-02 16:37:33',1501684653,0,33,6080);
INSERT INTO data VALUES(101,2,'2017-08-02 16:47:33',1501685253,0,3088,12893);
INSERT INTO data VALUES(102,2,'2017-08-02 16:57:33',1501685853,0,0,0);
INSERT INTO data VALUES(103,2,'2017-08-02 17:13:16',1501686796,0,0,0);
INSERT INTO data VALUES(104,2,'2017-08-02 17:23:16',1501687396,0,0,0);
INSERT INTO data VALUES(105,2,'2017-08-02 17:33:16',1501687996,0,0,0);
INSERT INTO data VALUES(106,2,'2017-08-02 17:43:16',1501688596,0,0,0);
INSERT INTO data VALUES(107,2,'2017-08-02 17:53:16',1501689196,0,0,0);
INSERT INTO data VALUES(108,2,'2017-08-02 18:03:16',1501689796,0,0,0);
INSERT INTO data VALUES(109,2,'2017-08-02 18:13:16',1501690396,0,0,0);
INSERT INTO data VALUES(110,2,'2017-08-02 18:23:16',1501690996,0,0,0);
INSERT INTO data VALUES(111,2,'2017-08-02 18:33:16',1501691596,0,0,0);
INSERT INTO data VALUES(112,2,'2017-08-02 18:43:16',1501692196,0,0,0);
INSERT INTO data VALUES(113,2,'2017-08-02 18:53:16',1501692796,0,0,0);
INSERT INTO data VALUES(114,2,'2017-08-02 19:03:16',1501693396,0,0,0);
INSERT INTO data VALUES(115,2,'2017-08-02 19:13:16',1501693996,0,0,0);
INSERT INTO data VALUES(116,2,'2017-08-02 19:23:16',1501694596,0,0,0);
INSERT INTO data VALUES(117,2,'2017-08-02 19:33:16',1501695196,0,0,0);
INSERT INTO data VALUES(118,2,'2017-08-02 19:43:16',1501695796,0,0,0);
INSERT INTO data VALUES(119,2,'2017-08-02 19:53:16',1501696396,0,0,0);
INSERT INTO data VALUES(120,2,'2017-08-02 20:03:16',1501696996,0,0,0);
INSERT INTO data VALUES(121,2,'2017-08-02 20:13:16',1501697596,0,0,0);
INSERT INTO data VALUES(122,2,'2017-08-02 20:23:16',1501698196,0,0,0);
INSERT INTO data VALUES(123,2,'2017-08-02 20:33:16',1501698796,0,0,0);
INSERT INTO data VALUES(124,2,'2017-08-02 20:43:16',1501699396,0,0,0);
INSERT INTO data VALUES(125,2,'2017-08-02 20:53:16',1501699996,0,0,0);
INSERT INTO data VALUES(126,2,'2017-08-02 21:03:16',1501700596,0,0,0);
INSERT INTO data VALUES(127,2,'2017-08-02 21:13:16',1501701196,0,0,0);
INSERT INTO data VALUES(128,2,'2017-08-02 21:23:16',1501701796,0,0,0);
INSERT INTO data VALUES(129,2,'2017-08-02 21:33:16',1501702396,0,0,0);
INSERT INTO data VALUES(130,2,'2017-08-02 21:43:16',1501702996,0,0,0);
INSERT INTO data VALUES(131,2,'2017-08-02 21:53:16',1501703596,0,0,0);
INSERT INTO data VALUES(132,2,'2017-08-02 22:03:16',1501704196,0,0,0);
INSERT INTO data VALUES(133,2,'2017-08-02 22:13:16',1501704796,0,0,0);
INSERT INTO data VALUES(134,2,'2017-08-02 22:23:16',1501705396,0,0,0);
INSERT INTO data VALUES(135,2,'2017-08-02 22:33:16',1501705996,0,0,0);
INSERT INTO data VALUES(136,2,'2017-08-02 22:43:16',1501706596,0,0,0);
INSERT INTO data VALUES(137,2,'2017-08-02 22:53:16',1501707196,0,0,0);
INSERT INTO data VALUES(138,2,'2017-08-02 23:03:16',1501707796,0,0,0);
INSERT INTO data VALUES(139,2,'2017-08-02 23:13:16',1501708396,0,0,0);
INSERT INTO data VALUES(140,2,'2017-08-02 23:23:16',1501708996,0,0,0);
INSERT INTO data VALUES(141,2,'2017-08-02 23:33:16',1501709596,0,0,0);
INSERT INTO data VALUES(142,2,'2017-08-02 23:43:16',1501710196,0,0,0);
INSERT INTO data VALUES(143,2,'2017-08-02 23:53:16',1501710796,0,0,0);
INSERT INTO data VALUES(144,2,'2017-08-03 00:03:16',1501711396,0,0,0);
INSERT INTO data VALUES(145,2,'2017-08-03 00:13:16',1501711996,0,0,0);
INSERT INTO data VALUES(146,2,'2017-08-03 00:23:16',1501712596,0,0,0);
INSERT INTO data VALUES(147,2,'2017-08-03 00:33:16',1501713196,0,0,0);
INSERT INTO data VALUES(148,2,'2017-08-03 00:43:16',1501713796,0,0,0);
INSERT INTO data VALUES(149,2,'2017-08-03 00:53:16',1501714396,0,0,0);
INSERT INTO data VALUES(150,2,'2017-08-03 01:03:16',1501714996,0,0,0);
INSERT INTO data VALUES(151,2,'2017-08-03 01:13:16',1501715596,0,0,0);
INSERT INTO data VALUES(152,2,'2017-08-03 01:23:16',1501716196,0,0,0);
INSERT INTO data VALUES(153,2,'2017-08-03 01:33:16',1501716796,0,0,0);
INSERT INTO data VALUES(154,2,'2017-08-03 01:43:16',1501717396,0,0,0);
INSERT INTO data VALUES(155,2,'2017-08-03 01:53:16',1501717996,0,0,0);
INSERT INTO data VALUES(156,2,'2017-08-03 02:03:16',1501718596,0,0,0);
INSERT INTO data VALUES(157,2,'2017-08-03 10:15:17',1501748118,17069,18817,20879);
INSERT INTO data VALUES(158,2,'2017-08-03 10:25:18',1501748719,17216,18862,20439);
INSERT INTO data VALUES(159,2,'2017-08-03 11:00:44',1501750845,84395,86221,87912);
INSERT INTO data VALUES(160,2,'2017-08-03 13:47:08',1501760828,1245,72186,435091);
INSERT INTO data VALUES(161,2,'2017-08-03 14:07:11',1501762031,1245,375202,493186);
INSERT INTO data VALUES(162,2,'2017-08-03 14:17:12',1501762632,334212,371299,376043);
INSERT INTO data VALUES(163,2,'2017-08-03 14:27:28',1501763248,358974,371446,374945);
INSERT INTO data VALUES(164,2,'2017-08-03 14:37:32',1501763852,366593,371496,376043);
INSERT INTO data VALUES(165,2,'2017-08-03 14:47:33',1501764453,367985,371460,376190);
INSERT INTO data VALUES(166,2,'2017-08-03 14:57:34',1501765055,367179,371402,375750);
INSERT INTO data VALUES(167,2,'2017-08-03 15:07:35',1501765655,355384,371487,374432);
INSERT INTO data VALUES(168,2,'2017-08-03 15:17:37',1501766257,368644,371422,376703);
INSERT INTO data VALUES(169,2,'2017-08-03 15:37:53',1501767474,0,178819,252014);
INSERT INTO data VALUES(170,2,'2017-08-03 15:57:55',1501768675,0,0,0);
INSERT INTO data VALUES(171,2,'2017-08-03 16:07:57',1501769277,0,0,0);
INSERT INTO data VALUES(172,2,'2017-08-03 16:17:58',1501769878,0,0,0);
INSERT INTO data VALUES(173,2,'2017-08-03 16:27:59',1501770479,0,0,0);
INSERT INTO data VALUES(174,2,'2017-08-03 16:38:00',1501771080,0,0,0);
INSERT INTO data VALUES(175,3,'2017-08-03 16:41:07',1501771268,1,2,3);
INSERT INTO data VALUES(176,3,'2017-08-03 16:42:06',1501771326,1,2,3);
INSERT INTO data VALUES(177,3,'2017-08-03 16:42:09',1501771330,1,2,3);
INSERT INTO data VALUES(178,3,'2017-08-03 16:43:29',1501771410,1,2,3);
INSERT INTO data VALUES(179,3,'2017-08-03 16:43:42',1501771422,1,2,3);
INSERT INTO data VALUES(180,3,'2017-08-03 16:43:43',1501771424,1,2,3);
INSERT INTO data VALUES(181,2,'2017-08-03 16:48:01',1501771681,0,0,0);
INSERT INTO data VALUES(182,2,'2017-08-03 17:02:54',1501772575,0,0,0);
INSERT INTO data VALUES(183,11,'2017-08-03 20:06:15',1501783575,0,3791,75238);
INSERT INTO data VALUES(184,10,'2017-08-04 10:50:28',1501836629,96630,98225,99706);
INSERT INTO data VALUES(185,10,'2017-08-04 11:02:09',1501837329,91868,97350,97875);
INSERT INTO data VALUES(186,10,'2017-08-04 11:12:48',1501837969,97728,99164,108351);
INSERT INTO data VALUES(187,10,'2017-08-04 11:22:49',1501838570,90183,99084,100366);
INSERT INTO data VALUES(188,10,'2017-08-04 11:32:53',1501839174,93113,99106,111721);
INSERT INTO data VALUES(189,10,'2017-08-04 11:42:55',1501839775,93333,99201,112747);
INSERT INTO data VALUES(190,10,'2017-08-04 11:52:55',1501840376,0,96865,103443);
INSERT INTO data VALUES(191,10,'2017-08-04 12:02:56',1501840977,89963,99203,108351);
INSERT INTO data VALUES(192,10,'2017-08-04 12:12:57',1501841578,94065,99184,106593);
INSERT INTO data VALUES(193,10,'2017-08-04 12:22:58',1501842179,97948,99220,103150);
INSERT INTO data VALUES(194,10,'2017-08-04 12:33:00',1501842780,93040,99231,110695);
INSERT INTO data VALUES(195,10,'2017-08-04 12:43:00',1501843381,88205,99143,100439);
INSERT INTO data VALUES(196,10,'2017-08-04 12:53:01',1501843982,91721,99190,104908);
INSERT INTO data VALUES(197,10,'2017-08-04 13:03:02',1501844583,95531,99197,102271);
INSERT INTO data VALUES(198,10,'2017-08-04 13:13:03',1501845184,88717,99219,106300);
INSERT INTO data VALUES(199,10,'2017-08-04 13:23:04',1501845785,93333,99212,100512);
INSERT INTO data VALUES(200,10,'2017-08-04 13:33:05',1501846386,86153,99161,100146);
INSERT INTO data VALUES(201,10,'2017-08-04 13:43:06',1501846987,88791,99260,109670);
INSERT INTO data VALUES(202,10,'2017-08-04 13:53:08',1501847588,0,96438,100219);
INSERT INTO data VALUES(203,10,'2017-08-04 14:03:08',1501848189,0,0,0);
INSERT INTO data VALUES(204,10,'2017-08-04 14:13:09',1501848790,0,0,0);
INSERT INTO data VALUES(205,10,'2017-08-04 14:23:10',1501849391,0,20,12234);
INSERT INTO data VALUES(206,10,'2017-08-04 14:33:12',1501849992,0,0,0);
INSERT INTO data VALUES(207,10,'2017-08-04 14:43:12',1501850593,0,3,1758);
INSERT INTO data VALUES(208,10,'2017-08-04 14:53:13',1501851194,0,0,0);
INSERT INTO data VALUES(209,10,'2017-08-04 15:03:14',1501851795,0,7,4468);
INSERT INTO data VALUES(210,10,'2017-08-04 15:13:16',1501852396,0,0,0);
INSERT INTO data VALUES(211,10,'2017-08-04 15:23:17',1501852997,0,0,0);
INSERT INTO data VALUES(212,10,'2017-08-04 15:33:17',1501853598,0,0,0);
INSERT INTO data VALUES(213,10,'2017-08-04 15:43:19',1501854199,0,0,0);
INSERT INTO data VALUES(214,10,'2017-08-04 15:53:23',1501854803,0,0,0);
INSERT INTO data VALUES(215,10,'2017-08-04 16:03:23',1501855404,0,0,0);
INSERT INTO data VALUES(216,10,'2017-08-04 16:13:25',1501856005,0,3,1758);
INSERT INTO data VALUES(217,10,'2017-08-04 16:23:25',1501856606,0,10,6227);
INSERT INTO data VALUES(218,10,'2017-08-04 16:33:27',1501857207,0,0,0);
INSERT INTO data VALUES(219,10,'2017-08-04 16:43:27',1501857808,0,0,0);
INSERT INTO data VALUES(220,10,'2017-08-04 16:53:27',1501858408,0,0,0);
INSERT INTO data VALUES(221,12,'2017-08-14 09:53:36',1502697216,0,55,33040);
INSERT INTO data VALUES(222,12,'2017-08-14 10:03:37',1502697817,0,0,0);
INSERT INTO data VALUES(223,12,'2017-08-14 10:21:36',1502698897,0,115,69010);
INSERT INTO data VALUES(224,12,'2017-08-14 10:31:37',1502699498,0,0,0);
INSERT INTO data VALUES(225,12,'2017-08-14 10:41:37',1502700098,0,0,0);
INSERT INTO data VALUES(226,12,'2017-08-14 10:51:38',1502700699,0,0,0);
INSERT INTO data VALUES(227,12,'2017-08-14 11:01:39',1502701300,0,0,0);
INSERT INTO data VALUES(228,12,'2017-08-14 11:11:40',1502701901,0,0,0);
INSERT INTO data VALUES(229,12,'2017-08-14 11:21:41',1502702502,0,0,0);
INSERT INTO data VALUES(230,12,'2017-08-14 11:31:42',1502703103,0,0,0);
INSERT INTO data VALUES(231,12,'2017-08-14 11:41:43',1502703703,0,0,0);
INSERT INTO data VALUES(232,12,'2017-08-14 11:51:43',1502704304,0,0,0);
INSERT INTO data VALUES(233,12,'2017-08-14 12:01:44',1502704905,0,0,0);
INSERT INTO data VALUES(234,12,'2017-08-14 12:11:45',1502705506,0,0,0);
INSERT INTO data VALUES(235,12,'2017-08-14 12:21:47',1502706108,0,0,0);
INSERT INTO data VALUES(236,12,'2017-08-14 12:31:52',1502706712,0,0,0);
INSERT INTO data VALUES(237,12,'2017-08-14 12:41:53',1502707314,0,0,0);
INSERT INTO data VALUES(238,12,'2017-08-14 12:51:54',1502707915,0,0,0);
INSERT INTO data VALUES(239,12,'2017-08-14 13:01:55',1502708516,0,0,0);
INSERT INTO data VALUES(240,12,'2017-08-14 13:11:55',1502709116,0,0,0);
INSERT INTO data VALUES(241,12,'2017-08-14 13:21:58',1502709719,0,0,0);
INSERT INTO data VALUES(242,12,'2017-08-14 13:32:02',1502710322,0,0,0);
INSERT INTO data VALUES(243,12,'2017-08-14 13:42:03',1502710923,0,0,0);
INSERT INTO data VALUES(244,12,'2017-08-14 13:52:04',1502711525,0,0,0);
INSERT INTO data VALUES(245,12,'2017-08-14 14:02:05',1502712126,0,0,0);
INSERT INTO data VALUES(246,12,'2017-08-14 14:12:07',1502712727,0,0,0);
INSERT INTO data VALUES(247,12,'2017-08-14 19:01:23',1502730083,0,1759,105787);
INSERT INTO data VALUES(248,12,'2017-08-15 04:50:28',1502765429,0,130,60146);
INSERT INTO data VALUES(249,11,'2017-08-15 10:03:42',1502784223,0,0,0);
INSERT INTO data VALUES(250,13,'2017-08-15 11:19:21',1502788762,96703,98340,100732);
INSERT INTO data VALUES(251,13,'2017-08-15 11:29:23',1502789363,95457,98363,100512);
INSERT INTO data VALUES(252,13,'2017-08-15 11:39:24',1502789964,95457,98108,101025);
INSERT INTO data VALUES(253,13,'2017-08-15 11:49:26',1502790566,95677,98032,100000);
INSERT INTO data VALUES(254,13,'2017-08-15 11:59:26',1502791167,95457,98075,100659);
INSERT INTO data VALUES(255,13,'2017-08-15 12:09:27',1502791768,95824,98033,100000);
INSERT INTO data VALUES(256,13,'2017-08-15 12:19:29',1502792369,95238,98059,100366);
INSERT INTO data VALUES(257,13,'2017-08-15 12:39:35',1502793576,95897,98051,100073);
INSERT INTO data VALUES(258,13,'2017-08-15 12:49:36',1502794177,95604,98071,101318);
INSERT INTO data VALUES(259,13,'2017-08-15 12:59:41',1502794781,95531,98215,100073);
INSERT INTO data VALUES(260,13,'2017-08-15 13:09:55',1502795395,96776,98662,100366);
INSERT INTO data VALUES(261,13,'2017-08-15 13:19:59',1502796000,96410,98658,100732);
INSERT INTO data VALUES(262,13,'2017-08-15 13:34:02',1502796842,97216,98584,100293);
INSERT INTO data VALUES(263,13,'2017-08-15 13:44:12',1502797453,0,93791,100073);
INSERT INTO data VALUES(264,13,'2017-08-15 13:54:12',1502798053,97216,98535,100146);
INSERT INTO data VALUES(265,14,'2017-08-15 13:54:33',1502798074,0,495,29230);
INSERT INTO data VALUES(266,13,'2017-08-15 14:04:13',1502798654,97289,98567,100805);
INSERT INTO data VALUES(267,14,'2017-08-15 14:04:34',1502798674,0,0,0);
INSERT INTO data VALUES(268,13,'2017-08-15 14:14:14',1502799255,96556,98547,100146);
INSERT INTO data VALUES(269,14,'2017-08-15 14:14:35',1502799276,0,0,0);
INSERT INTO data VALUES(270,13,'2017-08-15 14:24:15',1502799856,0,90356,101025);
INSERT INTO data VALUES(271,14,'2017-08-15 14:24:36',1502799877,0,0,0);
INSERT INTO data VALUES(272,13,'2017-08-21 10:42:01',1503304921,97069,98585,100073);
INSERT INTO data VALUES(273,13,'2017-08-21 10:52:02',1503305522,96630,98662,100439);
INSERT INTO data VALUES(274,13,'2017-08-21 11:02:03',1503306124,96556,98627,101391);
INSERT INTO data VALUES(275,13,'2017-08-21 11:12:04',1503306724,96923,98632,100366);
INSERT INTO data VALUES(276,13,'2017-08-21 11:22:05',1503307325,97069,98645,100293);
INSERT INTO data VALUES(277,13,'2017-08-21 11:32:06',1503307926,96776,98663,100439);
INSERT INTO data VALUES(278,13,'2017-08-21 11:42:07',1503308527,96043,98674,100146);
INSERT INTO data VALUES(279,13,'2017-08-21 11:52:08',1503309129,96923,98572,100146);
INSERT INTO data VALUES(280,13,'2017-08-21 12:02:10',1503309730,96556,98559,99633);
INSERT INTO data VALUES(281,13,'2017-08-21 12:06:09',1503309969,0,55003,75091);
INSERT INTO data VALUES(282,13,'2017-08-21 12:10:30',1503310231,81172,82996,84395);
INSERT INTO data VALUES(283,12,'2018-01-17 15:20:20',1516198820,0,184670,299926);
INSERT INTO data VALUES(284,12,'2018-01-17 15:23:34',1516199014,0,124719,299926);
INSERT INTO data VALUES(285,12,'2018-01-17 15:33:34',1516199614,0,145334,299926);
INSERT INTO data VALUES(286,12,'2018-01-17 15:43:34',1516200214,0,138384,299926);
INSERT INTO data VALUES(287,12,'2018-01-17 15:53:34',1516200814,0,118334,299926);
INSERT INTO data VALUES(288,12,'2018-01-17 16:03:34',1516201414,0,156908,299926);
INSERT INTO data VALUES(289,12,'2018-01-17 16:13:34',1516202014,0,75117,299926);
INSERT INTO data VALUES(290,12,'2018-01-17 16:23:34',1516202614,0,18090,57289);
INSERT INTO data VALUES(291,12,'2018-01-17 16:33:34',1516203214,0,19485,60293);
INSERT INTO data VALUES(292,12,'2018-01-17 16:43:34',1516203814,0,103198,299926);
INSERT INTO data VALUES(293,12,'2018-01-17 16:53:34',1516204414,0,138870,299926);
INSERT INTO data VALUES(294,12,'2018-01-17 17:03:34',1516205014,0,153023,299926);
INSERT INTO data VALUES(295,12,'2018-01-17 17:13:34',1516205614,0,141115,299926);
INSERT INTO data VALUES(296,12,'2018-01-17 17:23:34',1516206214,0,158988,299926);
CREATE TABLE error_codes (
  page varchar NOT NULL,
  error int NOT NULL,
  message varchar DEFAULT NULL,
  PRIMARY KEY (page, error)
);
INSERT INTO error_codes VALUES('battery-fill-in',202,'The batterypercentage has succesfully been logged');
INSERT INTO error_codes VALUES('battery-fill-in',401,'Your token is invalid. Please login again.');
INSERT INTO error_codes VALUES('battery-fill-in',406,'Your battery percentage could not be logged. \\n Have you selected a vehicle and entered your correct batterypercentage?');
INSERT INTO error_codes VALUES('change-user-info',401,'You are not authorized to perform this action, did you correctly enter your current password?');
INSERT INTO error_codes VALUES('homepage',400,'Could not load sockets');
INSERT INTO error_codes VALUES('homepage',408,'The sockets took too long to load. Please try again later');
INSERT INTO error_codes VALUES('login',401,'Invalid credentials');
INSERT INTO error_codes VALUES('login',403,'You have not been verified yet. Please wait till an admin verifies you');
INSERT INTO error_codes VALUES('my-cars',200,'Your car has successfully been removed');
INSERT INTO error_codes VALUES('my-cars',401,'Your token is invalid, please login again.');
INSERT INTO error_codes VALUES('new-car-form',202,'Your car has been created but not yet added to your account. Please wait until an admin verifies your car. ');
INSERT INTO error_codes VALUES('new-car-form',401,'Your token is invalid. Please login again.');
INSERT INTO error_codes VALUES('new-car-form',412,'Your car could not be created. Have you filled in all the required fields?');
INSERT INTO error_codes VALUES('registration',202,'Your account has succesfully been created, check your email.');
INSERT INTO error_codes VALUES('registration',409,'Your HanID or uidTag is already registered.');
INSERT INTO error_codes VALUES('registration',412,'Your account could not be created. Have you filled in all the required fields?');
INSERT INTO error_codes VALUES('verified-cars',202,'The car has been added to your account');
INSERT INTO error_codes VALUES('verified-cars',401,'Your token is invalid. Please login again');
CREATE TABLE measurements (
  V1 float NOT NULL,
  V2 float NOT NULL,
  V3 float NOT NULL,
  I1 float NOT NULL,
  I2 float NOT NULL,
  I3 float NOT NULL,
  P float NOT NULL,
  E float NOT NULL,
  F float NOT NULL,
  Time datetime NOT NULL DEFAULT CURRENT_TIMESTAMP,
  SoC float,
  socketId int NOT NULL,
  carId int,
  userId varchar,
  FOREIGN KEY (userId)
  REFERENCES users (uidTag) 
    ON UPDATE NO ACTION
    ON DELETE NO ACTION,
  FOREIGN KEY (socketId)
  REFERENCES charging_station_sockets (id) 
    ON UPDATE CASCADE
    ON DELETE CASCADE
);
INSERT INTO measurements VALUES(220.92408800000002955,227.84806799999999249,228.78170799999999474,31.253492000000000494,0.10239800000000001123,0.10009899999999998243,0.0,0.1003970000000000029,50.02564600000000361,'1605774041',NULL,1,NULL,'NO ID');
INSERT INTO measurements VALUES(220.74707000000000078,227.66053799999999007,228.51153600000002619,31.535519000000000744,0.10415700000000001068,0.10005999999999999339,0.0,0.1003970000000000029,49.999530999999999281,'1605774127',NULL,1,NULL,'NO ID');
INSERT INTO measurements VALUES(223.5689999999999955,230.55288699999998414,231.61862200000000733,31.272047000000000593,0.10230399999999999494,0.10037000000000000365,0.0,0.1003970000000000029,50.004661999999999721,'1605774214',NULL,1,NULL,'NO ID');
INSERT INTO measurements VALUES(223.90998799999999313,230.69798299999999535,231.95208699999998458,31.163205999999998851,0.10573000000000001286,0.10124100000000000321,0.0,0.1003970000000000029,49.991196000000002186,'1605774300',NULL,1,NULL,'NO ID');
INSERT INTO measurements VALUES(223.88752699999998618,230.82714800000001531,232.0188289999999931,31.17939799999999817,0.10492399999999999504,0.10018599999999999727,0.0,0.1003970000000000029,49.998009000000003254,'1605774346',NULL,1,NULL,'NO ID');
INSERT INTO measurements VALUES(223.66763299999998793,230.56173699999997772,231.79455600000000714,31.263401000000001772,0.10412699999999999178,0.10052099999999999369,0.0,0.1003970000000000029,49.993217000000003125,'1605774681',NULL,1,NULL,'NO ID');
INSERT INTO measurements VALUES(223.79158000000001216,230.6753999999999749,231.87866200000000205,31.241347999999997675,0.104394000000000009,0.10074800000000001531,0.0,0.1003970000000000029,49.989924999999999499,'1605774766',NULL,1,NULL,'NO ID');
INSERT INTO measurements VALUES(223.51647900000002344,230.42599500000000567,231.64111300000000959,31.212824000000001234,0.10463999999999999968,0.1009000000000000119,0.0,0.1003970000000000029,50.006836000000003394,'1605774942',NULL,1,NULL,'NO ID');
INSERT INTO measurements VALUES(223.51278699999999055,230.20455900000000859,231.63684099999999332,31.210974000000000216,0.10430800000000000071,0.099500000000000010658,0.0,0.1003970000000000029,50.014580000000004034,'1605775326',NULL,1,NULL,'NO ID');
INSERT INTO measurements VALUES(223.56840500000001448,230.39328000000001139,231.58720400000003536,31.235123000000002413,0.10495699999999998919,0.10120199999999999196,0.0,0.1003970000000000029,50.008243999999999473,'1605775807',NULL,1,NULL,'NO ID');
INSERT INTO measurements VALUES(223.34178200000001091,230.11064100000000465,231.30751000000002726,31.212997000000002323,0.10351500000000000145,0.10011499999999999843,0.0,0.1003970000000000029,50.033070000000003929,'1605775947',NULL,1,NULL,'NO ID');
INSERT INTO measurements VALUES(223.36682099999998207,230.23367299999999424,231.49255399999999482,31.18892900000000079,0.10288399999999999767,0.1013310000000000155,0.0,0.1003970000000000029,50.021664000000001237,'1605776361',NULL,1,NULL,'NO ID');
INSERT INTO measurements VALUES(223.9330900000000124,230.80326800000001696,231.98579399999998962,31.203285000000002824,0.10248699999999999477,0.099741999999999997328,0.0,0.1003970000000000029,50.034594999999999487,'1605776592',NULL,1,NULL,'NO ID');
INSERT INTO measurements VALUES(223.9290309999999895,230.73039199999998416,232.03244000000000646,31.190123000000000708,0.10585100000000000619,0.10193499999999999783,0.0,0.1003970000000000029,50.038325999999999638,'1605777179',NULL,1,NULL,'NO ID');
INSERT INTO measurements VALUES(223.51034499999999916,230.4365690000000022,231.74749800000000732,31.24040799999999951,0.10460099999999998843,0.098754999999999988347,0.0,0.1003970000000000029,50.040683999999995279,'1605777256',NULL,1,NULL,'NO ID');
INSERT INTO measurements VALUES(223.29212999999996647,230.10936000000001833,231.49677999999997979,31.184031000000000943,0.103503999999999996,0.099833999999999996077,0.0,0.1003970000000000029,50.023926000000003,'20201605777342',NULL,1,NULL,'NO ID');
INSERT INTO measurements VALUES(223.26364100000000156,230.19831800000001287,231.6180270000000263,31.280764000000003122,0.10280799999999998828,0.099659999999999993036,0.0,0.1003970000000000029,50.051974999999995219,'1605777444',NULL,1,NULL,'NO ID');
INSERT INTO measurements VALUES(223.24987799999997939,230.21107499999997614,231.30128500000002311,31.179137999999997354,0.10317499999999999449,0.098550000000000004263,0.0,0.1003970000000000029,50.070480000000001652,'1605777597',NULL,1,NULL,'NO ID');
INSERT INTO measurements VALUES(223.02012599999998521,229.97515900000000677,231.0091400000000128,31.253119000000002536,0.10387599999999999056,0.10087099999999999955,0.0,0.1003970000000000029,50.081901999999995922,'1605777741',NULL,1,NULL,'NO ID');
INSERT INTO measurements VALUES(223.24511700000000402,230.07148699999997454,231.28173799999998117,31.199093000000002184,0.10561700000000000532,0.10313999999999998724,0.0,0.1003970000000000029,50.072323000000000803,'1605777818',NULL,1,NULL,'NO ID');
INSERT INTO measurements VALUES(223.21870399999999001,230.10008200000000577,231.42767300000000041,31.205134999999999401,0.10535999999999998699,0.10202999999999999847,0.0,0.1003970000000000029,50.067965999999994863,'1605777903',NULL,1,NULL,'NO ID');
INSERT INTO measurements VALUES(223.15872200000002045,230.09429900000002433,231.31558199999999736,31.226196000000001617,0.10211699999999999111,0.10002299999999999524,0.0,0.1003970000000000029,50.061210999999996573,'1605778038',NULL,1,NULL,'NO ID');
INSERT INTO measurements VALUES(223.14517199999999164,230.0333249999999996,231.19883699999999038,31.212113999999999691,0.1053379999999999983,0.1012890000000000068,0.0,0.1003970000000000029,50.05981799999999815,'1605778278',NULL,1,NULL,'NO ID');
INSERT INTO measurements VALUES(223.28149399999999147,230.07092299999998274,231.29461700000000234,31.216368000000001003,0.10483400000000000495,0.10214799999999999435,0.0,0.1003970000000000029,50.043937999999998922,'1605778442',NULL,1,NULL,'NO ID');
INSERT INTO measurements VALUES(223.36219800000001178,230.23506199999999033,231.36360199999996822,31.196659000000002137,0.1052780000000000049,0.10109700000000001463,0.0,0.1003970000000000029,50.047657000000000948,'1605786149',NULL,1,NULL,'NO ID');
INSERT INTO measurements VALUES(223.20559700000002223,230.20352200000000486,231.41702300000002168,31.218493999999998855,0.10427999999999999491,0.099841999999999995196,0.0,0.1003970000000000029,50.032592999999998539,'1605786431',NULL,1,NULL,'NO ID');
INSERT INTO measurements VALUES(222.92134100000002838,229.76748699999998137,230.93547100000000327,31.206559999999998744,0.10469500000000000472,0.10076100000000001166,0.0,0.1003970000000000029,50.023986999999996427,'1605786638',NULL,1,NULL,'NO ID');
INSERT INTO measurements VALUES(223.90570099999997921,230.91427599999998498,232.29379300000001506,31.155236999999997848,0.10331500000000000127,0.10030900000000000371,0.0,0.1003970000000000029,50.029053000000001105,'1605786781',NULL,1,NULL,'NO ID');
CREATE TABLE users (
  id int PRIMARY KEY,
  name varchar NOT NULL,
  uidTag varchar NOT NULL UNIQUE CHECK (length(uidTag) <= 45),
  hanId int DEFAULT NULL UNIQUE,
  LastStartOrStop int NOT NULL DEFAULT 0,
  password varchar,
  Remark varchar,
  token varchar DEFAULT NULL CHECK (length(token) <= 45),
  verified int NOT NULL DEFAULT 0,
  email varchar NOT NULL,
  admin tinyint NOT NULL DEFAULT 0  CHECK (length(admin) == 1),
  socketId tinyint DEFAULT NULL UNIQUE, 
  FOREIGN KEY (socketId)
  REFERENCES charging_station_sockets (id) 
    ON UPDATE CASCADE
    ON DELETE NO ACTION
	
);
INSERT INTO users VALUES(1,'Yuri van Geffen','97 2D 39 5D',567745,54,'$2a$10$oy4.e7SQXBihoXj6teo1VuILpO4b9wcGisF3R7CUC5LFz/esEZG6e','567745',NULL,1,'',0,2);
INSERT INTO users VALUES(2,'Trung Nguyen','04 4E 79 EA FA 4D 80',567744,1541761646,'$2a$10$oy4.e7SQXBihoXj6teo1VuILpO4b9wcGisF3R7CUC5LFz/esEZG6e','1234567890',NULL,1,'',0,3);
INSERT INTO users VALUES(3,'Test 1','BB 77 E3 59',0,1552305521,'$2a$10$oy4.e7SQXBihoXj6teo1VuILpO4b9wcGisF3R7CUC5LFz/esEZG6e','1234567890',NULL,1,'',0,NULL);
INSERT INTO users VALUES(4,'Test 2','8E FD B3 89',1,1552375671,'$2a$10$oy4.e7SQXBihoXj6teo1VuILpO4b9wcGisF3R7CUC5LFz/esEZG6e',NULL,NULL,1,'',0,NULL);
INSERT INTO users VALUES(5,'Trung Test','66 FB 67 D9',2,1552383791,'$2a$10$oy4.e7SQXBihoXj6teo1VuILpO4b9wcGisF3R7CUC5LFz/esEZG6e','1234567890',NULL,1,'',0,NULL);
INSERT INTO users VALUES(6,'Menno Merts','60 8A 8A 7C',3,1539787113,'$2a$10$oy4.e7SQXBihoXj6teo1VuILpO4b9wcGisF3R7CUC5LFz/esEZG6e','1234567890',NULL,1,'',0,NULL);
INSERT INTO users VALUES(7,'Dave Mateman','B6 06 DB DB',4,1552983009,'$2a$10$oy4.e7SQXBihoXj6teo1VuILpO4b9wcGisF3R7CUC5LFz/esEZG6e','1234567890',NULL,1,'',0,NULL);
INSERT INTO users VALUES(8,'Boes-Voet Maria','60 AD 8F 7C',5,1550765473,'$2a$10$oy4.e7SQXBihoXj6teo1VuILpO4b9wcGisF3R7CUC5LFz/esEZG6e','1234567890',NULL,1,'',0,NULL);
INSERT INTO users VALUES(9,'Dave Mateman','04 81 3C AA 92 31 80',6,0,'$2a$10$oy4.e7SQXBihoXj6teo1VuILpO4b9wcGisF3R7CUC5LFz/esEZG6e','1234567890',NULL,1,'',0,NULL);
INSERT INTO users VALUES(10,'Johan Brussen','80 41 84 7C',7,0,'$2a$10$oy4.e7SQXBihoXj6teo1VuILpO4b9wcGisF3R7CUC5LFz/esEZG6e',NULL,NULL,1,'',0,NULL);
INSERT INTO users VALUES(11,'Grijff Katja','B0 49 8A 7C',8,0,'$2a$10$oy4.e7SQXBihoXj6teo1VuILpO4b9wcGisF3R7CUC5LFz/esEZG6e','',NULL,1,'',0,NULL);
INSERT INTO users VALUES(12,'Johan Brussen','04 1F 51 12 13 3B 80',9,0,'$2a$10$oy4.e7SQXBihoXj6teo1VuILpO4b9wcGisF3R7CUC5LFz/esEZG6e',NULL,NULL,1,'',0,NULL);
INSERT INTO users VALUES(13,'Cornelissen Peter','90 03 8F 7C',10,1552978846,'$2a$10$oy4.e7SQXBihoXj6teo1VuILpO4b9wcGisF3R7CUC5LFz/esEZG6e',NULL,NULL,1,'',0,NULL);
INSERT INTO users VALUES(14,'New','67 1C B6 89',11,1548666182,'$2a$10$oy4.e7SQXBihoXj6teo1VuILpO4b9wcGisF3R7CUC5LFz/esEZG6e',NULL,NULL,1,'',0,NULL);
INSERT INTO users VALUES(15,'admin istrator','AA BB 11 22',111111,0,'$2a$10$NDKQjK/jInEG4kOc.v.Y3OaINkeiJc/veZdaNrOlKjI73CFvzga96','Dit is de admin','623u617k1ja4',1,'oose.canterbury@gmail.com',1,NULL);
INSERT INTO users VALUES(17,'Joris Huinink','04 5F 26 F2 80 46 80',597240,0,'$2a$10$jwBkXER50miroKbNqQXC4uoKdXILrstTc8G/IOF2aIz61YpRgbNq6',NULL,'804z227p2qt6',1,'jorishuinink@hotmail.nl',1,NULL);
INSERT INTO users VALUES(18,'Wouter Noordhof','04 2C 22 52 8A 55 80',605251,0,'$2a$10$oy4.e7SQXBihoXj6teo1VuILpO4b9wcGisF3R7CUC5LFz/esEZG6e',NULL,'366v228h8tu0',1,'wh.noordhof@student.han.nl',1,NULL);
INSERT INTO users VALUES(19,'Dennis Gommer','04 7F 79 5A 81 46 80',598695,0,'$2a$10$oy4.e7SQXBihoXj6teo1VuILpO4b9wcGisF3R7CUC5LFz/esEZG6e',NULL,'846g428y7wc5',1,'Dennis.Gommer@outlook.com',1,NULL);
INSERT INTO users VALUES(20,'Jasmijn Bartelds','45 HJ 67 JH',602898,0,'$2a$10$oy4.e7SQXBihoXj6teo1VuILpO4b9wcGisF3R7CUC5LFz/esEZG6e',NULL,'596y694a6my5',1,'jasmijn.bartelds@hotmail.nl',0,NULL);
INSERT INTO users VALUES(25,'Joris Huinink','BB EE RR GG EE NN 55',597241,0,'$2a$10$oy4.e7SQXBihoXj6teo1VuILpO4b9wcGisF3R7CUC5LFz/esEZG6e',NULL,'366b969x8za2',1,'jowjoris@gmail.com',0,NULL);
INSERT INTO users VALUES(26,'Arne Brethouwer','EV DA TA BA SE',234567,0,'$2a$10$oy4.e7SQXBihoXj6teo1VuILpO4b9wcGisF3R7CUC5LFz/esEZG6e',NULL,'154w504y9km5',1,'arne@ev-database.org',0,NULL);
INSERT INTO users VALUES(27,'JAN VERBEEK','66 53 D9 DB',123445,0,'$2a$10$6URffL6F2RHozY5wNX2WZ.mbO1OB8g9Nva0chM6Q72oM6sGIL8lni',NULL,'741d659r8az6',1,'jan.verbeek@han.nl',0,NULL);
INSERT INTO users VALUES(28,'VINCENT WIEGEL ','51 08 94 B9',987654,0,'$2a$10$My5DeZVe2DuEct8C83.JYO6u7IUPN.u/K/pK12vMxshzWUfOlSgzO',NULL,'681s331k2oz8',1,'vincent.wiegel@han.nl',0,NULL);
INSERT INTO users VALUES(29,'RESERVE CARD','96 A9 08 FD',443159,0,'$2a$10$QE7Hqk1OH7Q2L37W5QFpyOR.snK4.tTw0xZKL7AuRtixcuboz.Jd6',NULL,NULL,1,'NguyenXuan.Trung@han.nl',0,NULL);
INSERT INTO users VALUES(30,'testCard','1F 7E AC 29',443199,0,'$2a$10$QE7Hqk1OH7Q2L37W5QFpyOR.snK4.tTw0xZKL7AuRtixcuboz.Jd6',NULL,NULL,1,'cristian',0,NULL);
COMMIT;
