PRAGMA foreign_keys=OFF;
BEGIN TRANSACTION;
CREATE TABLE cars(
  id int PRIMARY KEY,
  brand varchar NOT NULL CHECK (length(brand) <= 45),
  type varchar NOT NULL CHECK (length(type) <= 45),
  year smallint NOT NULL CHECK (length(year) = 4),
  batteryCapacity float DEFAULT 0,
  verified tinyint DEFAULT 0 CHECK (length(verified) = 1),
  edition varchar DEFAULT NULL,
  imageURL varchar DEFAULT '' 
  );
INSERT INTO cars VALUES(1,'Nissan','Leaf',2018,40.0,1,NULL,'https://ev-database.nl/img/auto/Nissan_Leaf_2018/Nissan_Leaf_2018-01.jpg');
INSERT INTO cars VALUES(2,'Tesla','Model S',2016,85.0,1,NULL,'https://ev-database.nl/img/auto/Tesla_Model_S_2016/Tesla_Model_S_2016-01.jpg');
INSERT INTO cars VALUES(3,'Tesla','Model S',2015,85.0,1,NULL,'https://hips.hearstapps.com/amv-prod-cad-assets.s3.amazonaws.com/images/15q2/657948/2015-tesla-model-s-70d-instrumented-test-review-car-and-driver-photo-658384-s-original.jpg');
INSERT INTO cars VALUES(4,'Toyota','Prius',2015,85.0,1,NULL,'https://hips.hearstapps.com/amv-prod-cad-assets.s3.amazonaws.com/images/15q2/657948/2015-toyota-prius-review-car-and-driver-photo-660322-s-original.jpg');
INSERT INTO cars VALUES(5,'Renault','Zoe',2017,40.999999999999996447,1,'R90','https://car-images.bauersecure.com/pagefiles/68546/1040x585/zoeweb-001.jpg');
INSERT INTO cars VALUES(6,'Volvo ','V60',2013,85.0,1,NULL,'https://media2.autokopen.nl/afbeeldingen/volvo-v60-2013-257500-800.jpg');
INSERT INTO cars VALUES(7,'Ford','C-max energi',2015,85.0,1,NULL,'https://icdn2.digitaltrends.com/image/2013-ford-cmax-plugin-front-left-angle-640x640.jpg?ver=1');
INSERT INTO cars VALUES(8,'Audi','A3',2013,85.0,1,NULL,'https://parkers-images.bauersecure.com/pagefiles/202042/cut-out/331x220/audi-a3-sb-01.jpg\r\n');
INSERT INTO cars VALUES(9,'Ford','C-max energi',2015,85.0,1,NULL,'https://icdn2.digitaltrends.com/image/2013-ford-cmax-plugin-front-left-angle-640x640.jpg?ver=1');
INSERT INTO cars VALUES(10,'Chevrolet','Volt',2012,85.0,1,NULL,'https://file.kbb.com/kbb/vehicleimage/housenew/480x360/2012/2012-chevrolet-volt-frontside_chvolt121.jpg');
INSERT INTO cars VALUES(11,'Volvo','XC-60',2018,10.400000000000000355,1,'T8 Twin-Engine','https://ev-database.nl/img/auto/Volvo_XC-60/Volvo_XC-60-01.jpg');
INSERT INTO cars VALUES(12,'Chevrolet','volt',2013,85.0,1,NULL,'https://cars.usnews.com/static/images/Auto/custom/12098/2013-Chevrolet-Volt-005-medium.jpg');
INSERT INTO cars VALUES(13,'Volkswagen','Egolf',2013,85.0,1,NULL,'https://media.treehugger.com/assets/images/2012/03/volkswagen-golf-blue-e-motion_1_bkEwC_69.jpeg');
INSERT INTO cars VALUES(116,'BMW','330e',2015,7.5999999999999996447,1,NULL,'https://media.autoweek.nl/m/8mqy7a0bxrg9_800.jpg');
INSERT INTO cars VALUES(117,'BMW','X5',2016,9.0,1,'xDrive40e','https://www.autocar.co.uk/sites/autocar.co.uk/files/styles/gallery_slide/public/images/car-reviews/first-drives/legacy/bmw-x40e-ac-003.jpg?itok=tMdX72RY');
INSERT INTO cars VALUES(118,'Mercedes','GLE 500e Plug-In',2015,8.8000000000000007105,1,NULL,'https://ev-database.nl/img/auto/Mercedes_GLE_500e_Plug-In/Mercedes_GLE_500e_Plug-In-01.jpg');
INSERT INTO cars VALUES(119,'Volkswagen','Passat GTE',2015,9.9000000000000003552,1,NULL,'https://images.autowereld.com/high/108861-volkswagen-passat-gte-2015-10.jpg');
INSERT INTO cars VALUES(120,'Volkswagen','Passat GTE',2015,9.9000000000000003552,1,'Variant','https://static.autoblog.nl/images/wp2014/volkswagen-passat-gte-variant-550.jpg');
INSERT INTO cars VALUES(121,'Volvo','XC-90',2014,10.400000000000000355,1,'T8 Twin-Engine','https://car-images.bauersecure.com/pagefiles/20706/1040x585/volvoxc90_t8_1.jpg');
INSERT INTO cars VALUES(122,'Opel','Ampera-e',2017,60.0,1,NULL,'https://www.carblogger.nl/wp-content/uploads/2017/02/opel-ampera-e-2017-1200x700.jpg');
INSERT INTO cars VALUES(123,'Tesla','Model X',2016,75.0,1,'75D','https://ev-database.nl/img/auto/Tesla_Model_X/Tesla_Model_X-01.jpg');
INSERT INTO cars VALUES(124,'Hyundai','IONIQ',2018,8.9000000000000003552,1,'Plug-in','https://cdn.motor1.com/images/mgl/k0rPB/s1/2018-hyundai-ioniq-plug-in-hybrid-why-buy.jpg');
INSERT INTO cars VALUES(125,'Hyundai','IONIQ',2017,30.499999999999998223,1,'Electric','https://icdn2.digitaltrends.com/image/2017-hyundai-ioniq-ev-side-angle-640x640.jpg?ver=1');
INSERT INTO cars VALUES(126,'Kia','Optima',2016,9.8000000000000007105,1,'Plug-in Hybrid','https://ev-database.nl/img/auto/Kia_Optima_Plug-in_Hybrid/Kia_Optima_Plug-in_Hybrid-01.jpg');
INSERT INTO cars VALUES(127,'Toyota','Prius',2016,8.8000000000000007105,1,'Plug-in Hybrid','https://static.autoblog.nl/images/wp2016/toyota-prius-phev-2016-voor.jpg');
INSERT INTO cars VALUES(128,'Tesla','Model S',2016,75.0,1,'75D','https://ev-database.nl/img/auto/Tesla_Model_S_2016/Tesla_Model_S_2016-01.jpg');
INSERT INTO cars VALUES(129,'Tesla','Model S',2016,100.0,1,'P100D','https://www.dagelijksauto.nl/wp-content/gallery/tesla-model-s-model-x-p100d-ludicrous-2016-nieuwsbericht/Tesla-Model-S-2016-1.jpg');
INSERT INTO cars VALUES(130,'Tesla','Model X',2017,100.0,1,'P100D','https://autoweek.com/sites/default/files/styles/gen-1200-675/public/2120x920_mx-city.png');
INSERT INTO cars VALUES(131,'Audi','A3',2016,8.8000000000000007105,1,'Sportback E-Tron','https://ev-database.nl/img/auto/Audi_A3_Sportback_E-Tron-2016/Audi_A3_Sportback_E-Tron-2016-01.jpg');
INSERT INTO cars VALUES(132,'Volkswagen','e-Up!',2014,18.699999999999999289,1,NULL,'https://media.autoweek.nl/m/m1my6qhbavyh_800.jpg');
INSERT INTO cars VALUES(133,'BMW','740e',2016,9.1999999999999992894,1,NULL,'https://cdn1.autoexpress.co.uk/sites/autoexpressuk/files/styles/article_main_image/public/2016/07/_bl72029_01.jpg?itok=aCx2RqWC');
INSERT INTO cars VALUES(134,'Porsche','Panamera 4 E-Hybrid',2017,14.099999999999999644,1,NULL,'https://car-images.bauersecure.com/pagefiles/69207/panamera_hybrid_01.jpg');
INSERT INTO cars VALUES(135,'Volkswagen','e-Golf',2017,35.799999999999996269,1,NULL,'https://topgear.nl/thumbs/hd/2017/08/Volkswagen-e-Golf-1.jpg');
INSERT INTO cars VALUES(136,'Tesla','Model S',2017,100.0,1,'100D','https://www.groen7.nl/files/2017/tesla-model-s-100d-rood.jpg');
INSERT INTO cars VALUES(137,'Tesla','Model X',2017,100.0,1,'100D','https://www.leasecosts.ca/sites/default/files/styles/car_thumb_big/public/2017-09/tesla_canada_model_x_0.jpg?itok=wR0YCWwR');
INSERT INTO cars VALUES(138,'Citroen','C-Zero',2016,16.000000000000000888,1,NULL,'https://elektrischeauto.com/wp-content/uploads/2016/11/Citroen-C-zero-1080x640.jpg');
INSERT INTO cars VALUES(139,'Peugeot','iOn',2017,16.000000000000000888,1,NULL,'https://i.ytimg.com/vi/Bx4fBdXG-_o/maxresdefault.jpg');
INSERT INTO cars VALUES(140,'Jaguar','I-Pace',2018,90.0,1,NULL,'https://topgear.nl/thumbs/hd/2018/03/jaguar-i-pace-2018-5.jpg');
INSERT INTO cars VALUES(141,'Renault','Kangoo',2017,32.999999999999998223,1,'Maxi ZE 33','https://ev-database.nl/img/auto/Renault_Kangoo_Maxi_ZE33/Renault_Kangoo_Maxi_ZE33-01.jpg');
INSERT INTO cars VALUES(142,'Citroen','E-Berlingo',2017,22.5,1,'Multispace','https://media.autoweek.nl/m/0fsywiqbkkul_800.jpg');
INSERT INTO cars VALUES(143,'Peugeot','Partner',2017,22.5,1,'Tepee Electric','https://www.groen7.nl/files/2017/partner-tepee-10000.jpg');
INSERT INTO cars VALUES(145,'Volkswagen','Golf GTE',2017,8.6999999999999992894,1,NULL,'https://cdn2.autoexpress.co.uk/sites/autoexpressuk/files/2017/03/dsc_3724.jpg');
INSERT INTO cars VALUES(146,'Mini','Countryman',2017,7.5999999999999996447,1,'Cooper S E ALL4','https://i.ytimg.com/vi/zIv4H46tKzw/maxresdefault.jpg');
INSERT INTO cars VALUES(147,'BMW','530e',2017,9.1999999999999992894,1,'iPerformance','https://topgear.nl/thumbs/hd/2017/06/bmw-530e-iperformance-3.jpg');
INSERT INTO cars VALUES(148,'Kia','Optima',2017,11.300000000000001154,1,'Sportswagon PHEV','https://d2t6ms4cjod3h9.cloudfront.net/wp-content/uploads/2017/12/OPTIMA_01.jpg');
INSERT INTO cars VALUES(149,'Kia','Niro',2018,8.9000000000000003552,1,'PHEV','https://hips.hearstapps.com/amv-prod-cad-assets.s3.amazonaws.com/images/18q1/699327/2018-kia-niro-plug-in-hybrid-test-review-car-and-driver-photo-701589-s-original.jpg?crop=1xw:1xh;center,center&resize=900:*');
INSERT INTO cars VALUES(150,'Nissan','e-NV200 Evalia',2018,40.0,1,NULL,'https://i.ytimg.com/vi/99kpJm03XbI/maxresdefault.jpg');
INSERT INTO cars VALUES(151,'Kia','Soul EV',2015,32.999999999999998223,1,NULL,'https://car-images.bauersecure.com/pagefiles/11330/k_5023.jpg');
INSERT INTO cars VALUES(152,'Hyundai','Kona',2018,67.000000000000001776,1,'Electric 64 kWh','https://zerauto.nl/wp-content/uploads/sites/2/2018/06/hyundai-kona-electric-prijs-2018-04-640x480.jpg');
INSERT INTO cars VALUES(153,'Renault','Zoe',2018,40.999999999999996447,1,'R110','https://media.renault.nl/wp-content/uploads/2018/02/01-Nieuwe-elektromotor-voor-Renault-ZOE-1170x780.jpg');
INSERT INTO cars VALUES(154,'Mitsubishi','Outlander PHEV',2016,13.800000000000001065,1,NULL,'https://www.driving.co.uk/s3/st-driving-prod/uploads/2015/12/Mitsu.jpg');
INSERT INTO cars VALUES(155,'Smart','EQ fortwo',2018,17.600000000000004973,1,'coupe','https://evcompare.io/upload/resize_cache/iblock/a20/1200_800_2/a2045c898c3c371b8d32bcafe74f44a7.jpg');
INSERT INTO cars VALUES(156,'Smart','EQ fortwo',2018,17.600000000000004973,1,'cabrio','https://ev-database.nl/img/auto/Smart_cabrio/Smart_cabrio-01.jpg');
INSERT INTO cars VALUES(157,'Smart','EQ forfour',2018,17.600000000000004973,1,NULL,'https://c.slashgear.com/wp-content/uploads/2018/03/smart-eq-forfour-1.jpg');
INSERT INTO cars VALUES(158,'Volvo','S90',2018,10.400000000000000355,1,'T8 Twin-Engine','https://ev-database.nl/img/auto/Volvo_S90/Volvo_S90-01.jpg');
INSERT INTO cars VALUES(159,'Volvo','V90',2018,10.400000000000000355,1,'T8 Twin-Engine','https://car-images.bauersecure.com/pagefiles/77375/1040x585/volvo_v90_t8_01.jpg');
INSERT INTO cars VALUES(161,'Volvo','V60',2018,10.400000000000000355,1,'T8 Twin-Engine','https://d2t6ms4cjod3h9.cloudfront.net/wp-content/uploads/2018/03/IMG_0896.jpg');
INSERT INTO cars VALUES(162,'BMW','i3',2018,42.200000000000006394,1,'120 Ah','https://www.elektrischeauto.nl/wp-content/uploads/2018/10/BMW_i3_2019-01@2x-1024x576.jpg');
INSERT INTO cars VALUES(163,'BMW','225xe',2017,7.5999999999999996447,1,'iPerformance','https://www.carbuyer.com.sg/cb-content/uploads/2017/10/bmw-225xe-singapore-price-20174.jpg');
INSERT INTO cars VALUES(164,'BMW','i3s',2018,42.200000000000006394,1,'120 Ah','https://ev-database.nl/img/auto/BMW_i3_2019/BMW_i3_2019-01.jpg');
INSERT INTO cars VALUES(184,'Peugeot','E-Legend',2019,100.0,1,'','https://www.wsupercars.com/wallpapers/Peugeot/2018-Peugeot-e-Legend-Concept-V3-1080.jpg');
CREATE TABLE car_of_user (
  carId int NOT NULL,
  userId int NOT NULL,
  batteryPercentage int DEFAULT 0,
  startedAt datetime NOT NULL DEFAULT 0,
  mailed tinyint DEFAULT 0 CHECK (length(mailed) <= 4), 
  PRIMARY KEY (carId, userId), 
  FOREIGN KEY (carId)
  REFERENCES cars (id) 
    ON UPDATE CASCADE
    ON DELETE CASCADE,
  FOREIGN KEY (userId,startedAt)
  REFERENCES users (id,LastStartOrStop) 
    ON UPDATE CASCADE
    ON DELETE CASCADE
);
INSERT INTO car_of_user VALUES(1,1,0,NULL,0);
INSERT INTO car_of_user VALUES(2,2,0,NULL,0);
INSERT INTO car_of_user VALUES(3,3,0,NULL,0);
INSERT INTO car_of_user VALUES(4,4,0,NULL,0);
INSERT INTO car_of_user VALUES(5,27,0,NULL,0);
INSERT INTO car_of_user VALUES(6,6,0,NULL,0);
INSERT INTO car_of_user VALUES(6,28,0,NULL,0);
INSERT INTO car_of_user VALUES(7,7,0,NULL,0);
INSERT INTO car_of_user VALUES(8,8,0,NULL,0);
INSERT INTO car_of_user VALUES(9,9,0,NULL,0);
INSERT INTO car_of_user VALUES(10,10,0,NULL,0);
INSERT INTO car_of_user VALUES(12,11,0,NULL,0);
INSERT INTO car_of_user VALUES(12,12,0,NULL,0);
INSERT INTO car_of_user VALUES(13,13,0,NULL,0);
INSERT INTO car_of_user VALUES(118,18,0,NULL,0);
INSERT INTO car_of_user VALUES(125,18,0,NULL,0);
INSERT INTO car_of_user VALUES(126,17,0,NULL,0);
INSERT INTO car_of_user VALUES(127,5,0,NULL,0);
INSERT INTO car_of_user VALUES(129,18,0,NULL,0);
INSERT INTO car_of_user VALUES(134,18,0,NULL,0);
INSERT INTO car_of_user VALUES(138,18,0,NULL,0);
INSERT INTO car_of_user VALUES(140,18,0,NULL,0);
INSERT INTO car_of_user VALUES(184,15,0,NULL,0);
INSERT INTO car_of_user VALUES(184,18,0,NULL,0);
INSERT INTO car_of_user VALUES(184,20,0,NULL,0);
CREATE TABLE charging_stations (
  id int PRIMARY KEY,
  particleDeviceId varchar NOT NULL UNIQUE CHECK (length(particleDeviceId) <= 45)
);
INSERT INTO charging_stations VALUES(1,'340021000c47343233323032');
INSERT INTO charging_stations VALUES(2,'3f0024001047343438323536');
CREATE TABLE charging_station_sockets (
  id int PRIMARY KEY,
  chargingStationId int DEFAULT NULL,
  FOREIGN KEY (chargingStationId)
  REFERENCES charging_stations (id) 
    ON UPDATE NO ACTION
    ON DELETE NO ACTION
);
INSERT INTO charging_station_sockets VALUES(1,1);
INSERT INTO charging_station_sockets VALUES(2,1);
INSERT INTO charging_station_sockets VALUES(3,2);
INSERT INTO charging_station_sockets VALUES(4,2);
CREATE TABLE data (
  id bigint PRIMARY KEY,
  sensorID int NOT NULL,
  dateTime datetime NOT NULL,
  unixtime int UNSIGNED NOT NULL,
  min int NOT NULL,
  avr int NOT NULL,
  max int NOT NULL
);
INSERT INTO data VALUES(1,1,'2017-08-01 13:30:52',1501587052,0,82736,0);
INSERT INTO data VALUES(2,1,'2017-08-01 13:31:23',1501587083,0,0,0);
INSERT INTO data VALUES(3,1,'2017-08-01 13:31:54',1501587114,0,200000,0);
INSERT INTO data VALUES(4,1,'2017-08-01 13:32:24',1501587144,0,200000,0);
INSERT INTO data VALUES(5,1,'2017-08-01 13:32:55',1501587175,0,200000,0);
INSERT INTO data VALUES(6,1,'2017-08-01 13:33:25',1501587205,0,200000,0);
INSERT INTO data VALUES(7,1,'2017-08-01 13:33:56',1501587236,0,200000,0);
INSERT INTO data VALUES(8,1,'2017-08-01 13:34:26',1501587266,0,200000,0);
INSERT INTO data VALUES(9,1,'2017-08-01 13:34:57',1501587297,0,200000,0);
INSERT INTO data VALUES(10,1,'2017-08-01 13:36:31',1501587392,0,0,0);
INSERT INTO data VALUES(11,1,'2017-08-01 13:37:02',1501587423,0,129670,0);
INSERT INTO data VALUES(12,1,'2017-08-01 13:37:33',1501587454,0,129811,0);
INSERT INTO data VALUES(13,1,'2017-08-01 13:38:04',1501587485,0,129575,0);
INSERT INTO data VALUES(14,1,'2017-08-01 13:38:34',1501587515,0,129657,0);
INSERT INTO data VALUES(15,1,'2017-08-01 13:39:05',1501587545,0,129621,0);
INSERT INTO data VALUES(16,1,'2017-08-01 13:39:35',1501587576,0,129623,0);
INSERT INTO data VALUES(17,1,'2017-08-01 13:40:06',1501587607,0,129616,0);
INSERT INTO data VALUES(18,1,'2017-08-01 13:40:37',1501587638,0,129805,0);
INSERT INTO data VALUES(19,1,'2017-08-01 13:42:32',1501587753,0,0,0);
INSERT INTO data VALUES(20,1,'2017-08-01 13:43:03',1501587784,0,129670,0);
INSERT INTO data VALUES(21,1,'2017-08-01 13:43:34',1501587815,0,199941,0);
INSERT INTO data VALUES(22,1,'2017-08-01 13:44:05',1501587846,0,200000,0);
INSERT INTO data VALUES(23,1,'2017-08-01 13:44:37',1501587877,0,200000,0);
INSERT INTO data VALUES(24,1,'2017-08-01 13:45:07',1501587907,0,200000,0);
INSERT INTO data VALUES(25,1,'2017-08-01 13:45:37',1501587937,0,200000,0);
INSERT INTO data VALUES(26,1,'2017-08-01 13:46:07',1501587967,0,200000,0);
INSERT INTO data VALUES(27,1,'2017-08-01 13:46:37',1501587998,0,200000,0);
INSERT INTO data VALUES(28,1,'2017-08-01 13:47:09',1501588029,0,200000,0);
INSERT INTO data VALUES(29,1,'2017-08-01 13:47:39',1501588060,0,200000,0);
INSERT INTO data VALUES(30,1,'2017-08-01 13:48:09',1501588090,0,200000,0);
INSERT INTO data VALUES(31,1,'2017-08-01 13:50:42',1501588243,0,0,200000);
INSERT INTO data VALUES(32,1,'2017-08-01 13:51:13',1501588274,104078,152662,154822);
INSERT INTO data VALUES(33,1,'2017-08-01 13:51:44',1501588305,144908,154061,154676);
INSERT INTO data VALUES(34,1,'2017-08-01 13:52:14',1501588335,154090,154411,154676);
INSERT INTO data VALUES(35,1,'2017-08-01 13:52:45',1501588366,149206,154311,154676);
INSERT INTO data VALUES(36,1,'2017-08-01 13:53:16',1501588397,151501,154425,155067);
INSERT INTO data VALUES(37,1,'2017-08-01 13:53:49',1501588430,149987,154407,154676);
INSERT INTO data VALUES(38,1,'2017-08-01 13:54:20',1501588461,151746,154494,155457);
INSERT INTO data VALUES(39,1,'2017-08-01 13:55:10',1501588510,0,0,155067);
INSERT INTO data VALUES(40,1,'2017-08-01 13:55:41',1501588541,0,141204,200000);
INSERT INTO data VALUES(41,1,'2017-08-01 13:56:12',1501588572,81904,196190,200000);
INSERT INTO data VALUES(42,1,'2017-08-01 13:56:43',1501588603,200000,200000,200000);
INSERT INTO data VALUES(43,1,'2017-08-01 13:57:13',1501588633,0,40329,200000);
INSERT INTO data VALUES(44,1,'2017-08-01 13:57:42',1501588663,0,0,0);
INSERT INTO data VALUES(45,1,'2017-08-01 13:58:13',1501588693,71452,187371,200000);
INSERT INTO data VALUES(46,1,'2017-08-01 13:59:33',1501588773,200000,200000,200000);
INSERT INTO data VALUES(47,1,'2017-08-01 14:00:04',1501588804,200000,200000,200000);
INSERT INTO data VALUES(48,1,'2017-08-01 14:00:34',1501588834,200000,200000,200000);
INSERT INTO data VALUES(49,1,'2017-08-01 14:01:05',1501588865,109890,151851,200000);
INSERT INTO data VALUES(50,1,'2017-08-01 14:01:36',1501588897,109841,110471,110915);
INSERT INTO data VALUES(51,1,'2017-08-01 14:02:07',1501588927,110280,110520,110818);
INSERT INTO data VALUES(52,1,'2017-08-01 14:02:38',1501588958,110134,110504,110769);
INSERT INTO data VALUES(53,1,'2017-08-01 14:03:09',1501588989,108571,110463,111257);
INSERT INTO data VALUES(54,1,'2017-08-01 14:03:40',1501589020,110183,110521,111306);
INSERT INTO data VALUES(55,1,'2017-08-01 14:04:11',1501589052,110329,110517,110866);
INSERT INTO data VALUES(56,1,'2017-08-01 14:04:42',1501589083,108864,110429,110818);
INSERT INTO data VALUES(57,1,'2017-08-01 14:05:13',1501589113,110183,110479,110720);
INSERT INTO data VALUES(58,1,'2017-08-01 14:05:44',1501589144,107985,110499,110866);
INSERT INTO data VALUES(59,1,'2017-08-01 14:06:15',1501589176,110231,110580,110915);
INSERT INTO data VALUES(60,1,'2017-08-01 14:06:46',1501589207,110183,110476,110769);
INSERT INTO data VALUES(61,1,'2017-08-01 14:07:17',1501589238,109645,110492,110720);
INSERT INTO data VALUES(62,1,'2017-08-01 14:07:48',1501589268,110183,110523,110818);
INSERT INTO data VALUES(63,1,'2017-08-01 14:08:19',1501589300,110280,110481,110720);
INSERT INTO data VALUES(64,1,'2017-08-01 14:08:50',1501589331,110329,110479,110671);
INSERT INTO data VALUES(65,1,'2017-08-01 14:09:21',1501589361,110134,110456,110671);
INSERT INTO data VALUES(66,1,'2017-08-01 14:09:52',1501589392,108131,110476,111159);
INSERT INTO data VALUES(67,1,'2017-08-01 14:10:23',1501589424,110085,110486,110915);
INSERT INTO data VALUES(68,1,'2017-08-01 14:34:11',1501590852,300000,300000,300000);
INSERT INTO data VALUES(69,1,'2017-08-01 14:34:42',1501590882,300000,300000,300000);
INSERT INTO data VALUES(70,1,'2017-08-01 14:35:13',1501590913,300000,300000,300000);
INSERT INTO data VALUES(71,1,'2017-08-01 14:35:44',1501590944,300000,300000,300000);
INSERT INTO data VALUES(72,1,'2017-08-01 14:36:43',1501591004,300000,300000,300000);
INSERT INTO data VALUES(73,1,'2017-08-01 14:37:14',1501591035,300000,300000,300000);
INSERT INTO data VALUES(74,1,'2017-08-01 14:37:45',1501591066,300000,300000,300000);
INSERT INTO data VALUES(75,1,'2017-08-01 14:38:16',1501591097,300000,300000,300000);
INSERT INTO data VALUES(76,1,'2017-08-01 14:38:47',1501591128,300000,300000,300000);
INSERT INTO data VALUES(77,1,'2017-08-01 14:39:18',1501591159,300000,300000,300000);
INSERT INTO data VALUES(78,1,'2017-08-01 14:39:49',1501591190,300000,300000,300000);
INSERT INTO data VALUES(79,1,'2017-08-01 14:40:20',1501591221,300000,300000,300000);
INSERT INTO data VALUES(80,1,'2017-08-01 14:40:51',1501591252,300000,300000,300000);
INSERT INTO data VALUES(81,1,'2017-08-01 14:41:22',1501591283,300000,300000,300000);
INSERT INTO data VALUES(82,1,'2017-08-01 14:41:53',1501591314,300000,300000,300000);
INSERT INTO data VALUES(83,1,'2017-08-01 14:42:24',1501591345,300000,300000,300000);
INSERT INTO data VALUES(84,1,'2017-08-01 14:42:55',1501591376,300000,300000,300000);
INSERT INTO data VALUES(85,1,'2017-08-01 14:43:26',1501591407,300000,300000,300000);
INSERT INTO data VALUES(86,1,'2017-08-01 14:43:57',1501591438,300000,300000,300000);
INSERT INTO data VALUES(87,1,'2017-08-01 14:44:29',1501591469,300000,300000,300000);
INSERT INTO data VALUES(88,1,'2017-08-01 14:44:59',1501591500,300000,300000,300000);
INSERT INTO data VALUES(89,1,'2017-08-01 14:45:30',1501591531,300000,300000,300000);
INSERT INTO data VALUES(90,2,'2017-08-02 11:12:50',1501665170,0,0,0);
INSERT INTO data VALUES(91,2,'2017-08-02 14:28:03',1501676883,0,1655,102637);
INSERT INTO data VALUES(92,2,'2017-08-02 14:38:02',1501677483,0,0,0);
INSERT INTO data VALUES(93,2,'2017-08-02 15:43:55',1501681436,0,158,4908);
INSERT INTO data VALUES(94,2,'2017-08-02 15:53:55',1501682036,0,636,4322);
INSERT INTO data VALUES(95,2,'2017-08-02 16:05:42',1501682743,0,0,219);
INSERT INTO data VALUES(96,2,'2017-08-02 16:15:42',1501683342,0,3,1904);
INSERT INTO data VALUES(97,4,'2017-08-02 16:22:25',1501683745,0,115296,120512);
INSERT INTO data VALUES(98,2,'2017-08-02 16:27:33',1501684053,0,3,1172);
INSERT INTO data VALUES(99,4,'2017-08-02 16:32:26',1501684347,109010,117441,119413);
INSERT INTO data VALUES(100,2,'2017-08-02 16:37:33',1501684653,0,33,6080);
INSERT INTO data VALUES(101,2,'2017-08-02 16:47:33',1501685253,0,3088,12893);
INSERT INTO data VALUES(102,2,'2017-08-02 16:57:33',1501685853,0,0,0);
INSERT INTO data VALUES(103,2,'2017-08-02 17:13:16',1501686796,0,0,0);
INSERT INTO data VALUES(104,2,'2017-08-02 17:23:16',1501687396,0,0,0);
INSERT INTO data VALUES(105,2,'2017-08-02 17:33:16',1501687996,0,0,0);
INSERT INTO data VALUES(106,2,'2017-08-02 17:43:16',1501688596,0,0,0);
INSERT INTO data VALUES(107,2,'2017-08-02 17:53:16',1501689196,0,0,0);
INSERT INTO data VALUES(108,2,'2017-08-02 18:03:16',1501689796,0,0,0);
INSERT INTO data VALUES(109,2,'2017-08-02 18:13:16',1501690396,0,0,0);
INSERT INTO data VALUES(110,2,'2017-08-02 18:23:16',1501690996,0,0,0);
INSERT INTO data VALUES(111,2,'2017-08-02 18:33:16',1501691596,0,0,0);
INSERT INTO data VALUES(112,2,'2017-08-02 18:43:16',1501692196,0,0,0);
INSERT INTO data VALUES(113,2,'2017-08-02 18:53:16',1501692796,0,0,0);
INSERT INTO data VALUES(114,2,'2017-08-02 19:03:16',1501693396,0,0,0);
INSERT INTO data VALUES(115,2,'2017-08-02 19:13:16',1501693996,0,0,0);
INSERT INTO data VALUES(116,2,'2017-08-02 19:23:16',1501694596,0,0,0);
INSERT INTO data VALUES(117,2,'2017-08-02 19:33:16',1501695196,0,0,0);
INSERT INTO data VALUES(118,2,'2017-08-02 19:43:16',1501695796,0,0,0);
INSERT INTO data VALUES(119,2,'2017-08-02 19:53:16',1501696396,0,0,0);
INSERT INTO data VALUES(120,2,'2017-08-02 20:03:16',1501696996,0,0,0);
INSERT INTO data VALUES(121,2,'2017-08-02 20:13:16',1501697596,0,0,0);
INSERT INTO data VALUES(122,2,'2017-08-02 20:23:16',1501698196,0,0,0);
INSERT INTO data VALUES(123,2,'2017-08-02 20:33:16',1501698796,0,0,0);
INSERT INTO data VALUES(124,2,'2017-08-02 20:43:16',1501699396,0,0,0);
INSERT INTO data VALUES(125,2,'2017-08-02 20:53:16',1501699996,0,0,0);
INSERT INTO data VALUES(126,2,'2017-08-02 21:03:16',1501700596,0,0,0);
INSERT INTO data VALUES(127,2,'2017-08-02 21:13:16',1501701196,0,0,0);
INSERT INTO data VALUES(128,2,'2017-08-02 21:23:16',1501701796,0,0,0);
INSERT INTO data VALUES(129,2,'2017-08-02 21:33:16',1501702396,0,0,0);
INSERT INTO data VALUES(130,2,'2017-08-02 21:43:16',1501702996,0,0,0);
INSERT INTO data VALUES(131,2,'2017-08-02 21:53:16',1501703596,0,0,0);
INSERT INTO data VALUES(132,2,'2017-08-02 22:03:16',1501704196,0,0,0);
INSERT INTO data VALUES(133,2,'2017-08-02 22:13:16',1501704796,0,0,0);
INSERT INTO data VALUES(134,2,'2017-08-02 22:23:16',1501705396,0,0,0);
INSERT INTO data VALUES(135,2,'2017-08-02 22:33:16',1501705996,0,0,0);
INSERT INTO data VALUES(136,2,'2017-08-02 22:43:16',1501706596,0,0,0);
INSERT INTO data VALUES(137,2,'2017-08-02 22:53:16',1501707196,0,0,0);
INSERT INTO data VALUES(138,2,'2017-08-02 23:03:16',1501707796,0,0,0);
INSERT INTO data VALUES(139,2,'2017-08-02 23:13:16',1501708396,0,0,0);
INSERT INTO data VALUES(140,2,'2017-08-02 23:23:16',1501708996,0,0,0);
INSERT INTO data VALUES(141,2,'2017-08-02 23:33:16',1501709596,0,0,0);
INSERT INTO data VALUES(142,2,'2017-08-02 23:43:16',1501710196,0,0,0);
INSERT INTO data VALUES(143,2,'2017-08-02 23:53:16',1501710796,0,0,0);
INSERT INTO data VALUES(144,2,'2017-08-03 00:03:16',1501711396,0,0,0);
INSERT INTO data VALUES(145,2,'2017-08-03 00:13:16',1501711996,0,0,0);
INSERT INTO data VALUES(146,2,'2017-08-03 00:23:16',1501712596,0,0,0);
INSERT INTO data VALUES(147,2,'2017-08-03 00:33:16',1501713196,0,0,0);
INSERT INTO data VALUES(148,2,'2017-08-03 00:43:16',1501713796,0,0,0);
INSERT INTO data VALUES(149,2,'2017-08-03 00:53:16',1501714396,0,0,0);
INSERT INTO data VALUES(150,2,'2017-08-03 01:03:16',1501714996,0,0,0);
INSERT INTO data VALUES(151,2,'2017-08-03 01:13:16',1501715596,0,0,0);
INSERT INTO data VALUES(152,2,'2017-08-03 01:23:16',1501716196,0,0,0);
INSERT INTO data VALUES(153,2,'2017-08-03 01:33:16',1501716796,0,0,0);
INSERT INTO data VALUES(154,2,'2017-08-03 01:43:16',1501717396,0,0,0);
INSERT INTO data VALUES(155,2,'2017-08-03 01:53:16',1501717996,0,0,0);
INSERT INTO data VALUES(156,2,'2017-08-03 02:03:16',1501718596,0,0,0);
INSERT INTO data VALUES(157,2,'2017-08-03 10:15:17',1501748118,17069,18817,20879);
INSERT INTO data VALUES(158,2,'2017-08-03 10:25:18',1501748719,17216,18862,20439);
INSERT INTO data VALUES(159,2,'2017-08-03 11:00:44',1501750845,84395,86221,87912);
INSERT INTO data VALUES(160,2,'2017-08-03 13:47:08',1501760828,1245,72186,435091);
INSERT INTO data VALUES(161,2,'2017-08-03 14:07:11',1501762031,1245,375202,493186);
INSERT INTO data VALUES(162,2,'2017-08-03 14:17:12',1501762632,334212,371299,376043);
INSERT INTO data VALUES(163,2,'2017-08-03 14:27:28',1501763248,358974,371446,374945);
INSERT INTO data VALUES(164,2,'2017-08-03 14:37:32',1501763852,366593,371496,376043);
INSERT INTO data VALUES(165,2,'2017-08-03 14:47:33',1501764453,367985,371460,376190);
INSERT INTO data VALUES(166,2,'2017-08-03 14:57:34',1501765055,367179,371402,375750);
INSERT INTO data VALUES(167,2,'2017-08-03 15:07:35',1501765655,355384,371487,374432);
INSERT INTO data VALUES(168,2,'2017-08-03 15:17:37',1501766257,368644,371422,376703);
INSERT INTO data VALUES(169,2,'2017-08-03 15:37:53',1501767474,0,178819,252014);
INSERT INTO data VALUES(170,2,'2017-08-03 15:57:55',1501768675,0,0,0);
INSERT INTO data VALUES(171,2,'2017-08-03 16:07:57',1501769277,0,0,0);
INSERT INTO data VALUES(172,2,'2017-08-03 16:17:58',1501769878,0,0,0);
INSERT INTO data VALUES(173,2,'2017-08-03 16:27:59',1501770479,0,0,0);
INSERT INTO data VALUES(174,2,'2017-08-03 16:38:00',1501771080,0,0,0);
INSERT INTO data VALUES(175,3,'2017-08-03 16:41:07',1501771268,1,2,3);
INSERT INTO data VALUES(176,3,'2017-08-03 16:42:06',1501771326,1,2,3);
INSERT INTO data VALUES(177,3,'2017-08-03 16:42:09',1501771330,1,2,3);
INSERT INTO data VALUES(178,3,'2017-08-03 16:43:29',1501771410,1,2,3);
INSERT INTO data VALUES(179,3,'2017-08-03 16:43:42',1501771422,1,2,3);
INSERT INTO data VALUES(180,3,'2017-08-03 16:43:43',1501771424,1,2,3);
INSERT INTO data VALUES(181,2,'2017-08-03 16:48:01',1501771681,0,0,0);
INSERT INTO data VALUES(182,2,'2017-08-03 17:02:54',1501772575,0,0,0);
INSERT INTO data VALUES(183,11,'2017-08-03 20:06:15',1501783575,0,3791,75238);
INSERT INTO data VALUES(184,10,'2017-08-04 10:50:28',1501836629,96630,98225,99706);
INSERT INTO data VALUES(185,10,'2017-08-04 11:02:09',1501837329,91868,97350,97875);
INSERT INTO data VALUES(186,10,'2017-08-04 11:12:48',1501837969,97728,99164,108351);
INSERT INTO data VALUES(187,10,'2017-08-04 11:22:49',1501838570,90183,99084,100366);
INSERT INTO data VALUES(188,10,'2017-08-04 11:32:53',1501839174,93113,99106,111721);
INSERT INTO data VALUES(189,10,'2017-08-04 11:42:55',1501839775,93333,99201,112747);
INSERT INTO data VALUES(190,10,'2017-08-04 11:52:55',1501840376,0,96865,103443);
INSERT INTO data VALUES(191,10,'2017-08-04 12:02:56',1501840977,89963,99203,108351);
INSERT INTO data VALUES(192,10,'2017-08-04 12:12:57',1501841578,94065,99184,106593);
INSERT INTO data VALUES(193,10,'2017-08-04 12:22:58',1501842179,97948,99220,103150);
INSERT INTO data VALUES(194,10,'2017-08-04 12:33:00',1501842780,93040,99231,110695);
INSERT INTO data VALUES(195,10,'2017-08-04 12:43:00',1501843381,88205,99143,100439);
INSERT INTO data VALUES(196,10,'2017-08-04 12:53:01',1501843982,91721,99190,104908);
INSERT INTO data VALUES(197,10,'2017-08-04 13:03:02',1501844583,95531,99197,102271);
INSERT INTO data VALUES(198,10,'2017-08-04 13:13:03',1501845184,88717,99219,106300);
INSERT INTO data VALUES(199,10,'2017-08-04 13:23:04',1501845785,93333,99212,100512);
INSERT INTO data VALUES(200,10,'2017-08-04 13:33:05',1501846386,86153,99161,100146);
INSERT INTO data VALUES(201,10,'2017-08-04 13:43:06',1501846987,88791,99260,109670);
INSERT INTO data VALUES(202,10,'2017-08-04 13:53:08',1501847588,0,96438,100219);
INSERT INTO data VALUES(203,10,'2017-08-04 14:03:08',1501848189,0,0,0);
INSERT INTO data VALUES(204,10,'2017-08-04 14:13:09',1501848790,0,0,0);
INSERT INTO data VALUES(205,10,'2017-08-04 14:23:10',1501849391,0,20,12234);
INSERT INTO data VALUES(206,10,'2017-08-04 14:33:12',1501849992,0,0,0);
INSERT INTO data VALUES(207,10,'2017-08-04 14:43:12',1501850593,0,3,1758);
INSERT INTO data VALUES(208,10,'2017-08-04 14:53:13',1501851194,0,0,0);
INSERT INTO data VALUES(209,10,'2017-08-04 15:03:14',1501851795,0,7,4468);
INSERT INTO data VALUES(210,10,'2017-08-04 15:13:16',1501852396,0,0,0);
INSERT INTO data VALUES(211,10,'2017-08-04 15:23:17',1501852997,0,0,0);
INSERT INTO data VALUES(212,10,'2017-08-04 15:33:17',1501853598,0,0,0);
INSERT INTO data VALUES(213,10,'2017-08-04 15:43:19',1501854199,0,0,0);
INSERT INTO data VALUES(214,10,'2017-08-04 15:53:23',1501854803,0,0,0);
INSERT INTO data VALUES(215,10,'2017-08-04 16:03:23',1501855404,0,0,0);
INSERT INTO data VALUES(216,10,'2017-08-04 16:13:25',1501856005,0,3,1758);
INSERT INTO data VALUES(217,10,'2017-08-04 16:23:25',1501856606,0,10,6227);
INSERT INTO data VALUES(218,10,'2017-08-04 16:33:27',1501857207,0,0,0);
INSERT INTO data VALUES(219,10,'2017-08-04 16:43:27',1501857808,0,0,0);
INSERT INTO data VALUES(220,10,'2017-08-04 16:53:27',1501858408,0,0,0);
INSERT INTO data VALUES(221,12,'2017-08-14 09:53:36',1502697216,0,55,33040);
INSERT INTO data VALUES(222,12,'2017-08-14 10:03:37',1502697817,0,0,0);
INSERT INTO data VALUES(223,12,'2017-08-14 10:21:36',1502698897,0,115,69010);
INSERT INTO data VALUES(224,12,'2017-08-14 10:31:37',1502699498,0,0,0);
INSERT INTO data VALUES(225,12,'2017-08-14 10:41:37',1502700098,0,0,0);
INSERT INTO data VALUES(226,12,'2017-08-14 10:51:38',1502700699,0,0,0);
INSERT INTO data VALUES(227,12,'2017-08-14 11:01:39',1502701300,0,0,0);
INSERT INTO data VALUES(228,12,'2017-08-14 11:11:40',1502701901,0,0,0);
INSERT INTO data VALUES(229,12,'2017-08-14 11:21:41',1502702502,0,0,0);
INSERT INTO data VALUES(230,12,'2017-08-14 11:31:42',1502703103,0,0,0);
INSERT INTO data VALUES(231,12,'2017-08-14 11:41:43',1502703703,0,0,0);
INSERT INTO data VALUES(232,12,'2017-08-14 11:51:43',1502704304,0,0,0);
INSERT INTO data VALUES(233,12,'2017-08-14 12:01:44',1502704905,0,0,0);
INSERT INTO data VALUES(234,12,'2017-08-14 12:11:45',1502705506,0,0,0);
INSERT INTO data VALUES(235,12,'2017-08-14 12:21:47',1502706108,0,0,0);
INSERT INTO data VALUES(236,12,'2017-08-14 12:31:52',1502706712,0,0,0);
INSERT INTO data VALUES(237,12,'2017-08-14 12:41:53',1502707314,0,0,0);
INSERT INTO data VALUES(238,12,'2017-08-14 12:51:54',1502707915,0,0,0);
INSERT INTO data VALUES(239,12,'2017-08-14 13:01:55',1502708516,0,0,0);
INSERT INTO data VALUES(240,12,'2017-08-14 13:11:55',1502709116,0,0,0);
INSERT INTO data VALUES(241,12,'2017-08-14 13:21:58',1502709719,0,0,0);
INSERT INTO data VALUES(242,12,'2017-08-14 13:32:02',1502710322,0,0,0);
INSERT INTO data VALUES(243,12,'2017-08-14 13:42:03',1502710923,0,0,0);
INSERT INTO data VALUES(244,12,'2017-08-14 13:52:04',1502711525,0,0,0);
INSERT INTO data VALUES(245,12,'2017-08-14 14:02:05',1502712126,0,0,0);
INSERT INTO data VALUES(246,12,'2017-08-14 14:12:07',1502712727,0,0,0);
INSERT INTO data VALUES(247,12,'2017-08-14 19:01:23',1502730083,0,1759,105787);
INSERT INTO data VALUES(248,12,'2017-08-15 04:50:28',1502765429,0,130,60146);
INSERT INTO data VALUES(249,11,'2017-08-15 10:03:42',1502784223,0,0,0);
INSERT INTO data VALUES(250,13,'2017-08-15 11:19:21',1502788762,96703,98340,100732);
INSERT INTO data VALUES(251,13,'2017-08-15 11:29:23',1502789363,95457,98363,100512);
INSERT INTO data VALUES(252,13,'2017-08-15 11:39:24',1502789964,95457,98108,101025);
INSERT INTO data VALUES(253,13,'2017-08-15 11:49:26',1502790566,95677,98032,100000);
INSERT INTO data VALUES(254,13,'2017-08-15 11:59:26',1502791167,95457,98075,100659);
INSERT INTO data VALUES(255,13,'2017-08-15 12:09:27',1502791768,95824,98033,100000);
INSERT INTO data VALUES(256,13,'2017-08-15 12:19:29',1502792369,95238,98059,100366);
INSERT INTO data VALUES(257,13,'2017-08-15 12:39:35',1502793576,95897,98051,100073);
INSERT INTO data VALUES(258,13,'2017-08-15 12:49:36',1502794177,95604,98071,101318);
INSERT INTO data VALUES(259,13,'2017-08-15 12:59:41',1502794781,95531,98215,100073);
INSERT INTO data VALUES(260,13,'2017-08-15 13:09:55',1502795395,96776,98662,100366);
INSERT INTO data VALUES(261,13,'2017-08-15 13:19:59',1502796000,96410,98658,100732);
INSERT INTO data VALUES(262,13,'2017-08-15 13:34:02',1502796842,97216,98584,100293);
INSERT INTO data VALUES(263,13,'2017-08-15 13:44:12',1502797453,0,93791,100073);
INSERT INTO data VALUES(264,13,'2017-08-15 13:54:12',1502798053,97216,98535,100146);
INSERT INTO data VALUES(265,14,'2017-08-15 13:54:33',1502798074,0,495,29230);
INSERT INTO data VALUES(266,13,'2017-08-15 14:04:13',1502798654,97289,98567,100805);
INSERT INTO data VALUES(267,14,'2017-08-15 14:04:34',1502798674,0,0,0);
INSERT INTO data VALUES(268,13,'2017-08-15 14:14:14',1502799255,96556,98547,100146);
INSERT INTO data VALUES(269,14,'2017-08-15 14:14:35',1502799276,0,0,0);
INSERT INTO data VALUES(270,13,'2017-08-15 14:24:15',1502799856,0,90356,101025);
INSERT INTO data VALUES(271,14,'2017-08-15 14:24:36',1502799877,0,0,0);
INSERT INTO data VALUES(272,13,'2017-08-21 10:42:01',1503304921,97069,98585,100073);
INSERT INTO data VALUES(273,13,'2017-08-21 10:52:02',1503305522,96630,98662,100439);
INSERT INTO data VALUES(274,13,'2017-08-21 11:02:03',1503306124,96556,98627,101391);
INSERT INTO data VALUES(275,13,'2017-08-21 11:12:04',1503306724,96923,98632,100366);
INSERT INTO data VALUES(276,13,'2017-08-21 11:22:05',1503307325,97069,98645,100293);
INSERT INTO data VALUES(277,13,'2017-08-21 11:32:06',1503307926,96776,98663,100439);
INSERT INTO data VALUES(278,13,'2017-08-21 11:42:07',1503308527,96043,98674,100146);
INSERT INTO data VALUES(279,13,'2017-08-21 11:52:08',1503309129,96923,98572,100146);
INSERT INTO data VALUES(280,13,'2017-08-21 12:02:10',1503309730,96556,98559,99633);
INSERT INTO data VALUES(281,13,'2017-08-21 12:06:09',1503309969,0,55003,75091);
INSERT INTO data VALUES(282,13,'2017-08-21 12:10:30',1503310231,81172,82996,84395);
INSERT INTO data VALUES(283,12,'2018-01-17 15:20:20',1516198820,0,184670,299926);
INSERT INTO data VALUES(284,12,'2018-01-17 15:23:34',1516199014,0,124719,299926);
INSERT INTO data VALUES(285,12,'2018-01-17 15:33:34',1516199614,0,145334,299926);
INSERT INTO data VALUES(286,12,'2018-01-17 15:43:34',1516200214,0,138384,299926);
INSERT INTO data VALUES(287,12,'2018-01-17 15:53:34',1516200814,0,118334,299926);
INSERT INTO data VALUES(288,12,'2018-01-17 16:03:34',1516201414,0,156908,299926);
INSERT INTO data VALUES(289,12,'2018-01-17 16:13:34',1516202014,0,75117,299926);
INSERT INTO data VALUES(290,12,'2018-01-17 16:23:34',1516202614,0,18090,57289);
INSERT INTO data VALUES(291,12,'2018-01-17 16:33:34',1516203214,0,19485,60293);
INSERT INTO data VALUES(292,12,'2018-01-17 16:43:34',1516203814,0,103198,299926);
INSERT INTO data VALUES(293,12,'2018-01-17 16:53:34',1516204414,0,138870,299926);
INSERT INTO data VALUES(294,12,'2018-01-17 17:03:34',1516205014,0,153023,299926);
INSERT INTO data VALUES(295,12,'2018-01-17 17:13:34',1516205614,0,141115,299926);
INSERT INTO data VALUES(296,12,'2018-01-17 17:23:34',1516206214,0,158988,299926);
CREATE TABLE error_codes (
  page varchar NOT NULL,
  error int NOT NULL,
  message varchar DEFAULT NULL,
  PRIMARY KEY (page, error)
);
INSERT INTO error_codes VALUES('battery-fill-in',202,'The batterypercentage has succesfully been logged');
INSERT INTO error_codes VALUES('battery-fill-in',401,'Your token is invalid. Please login again.');
INSERT INTO error_codes VALUES('battery-fill-in',406,'Your battery percentage could not be logged. \\n Have you selected a vehicle and entered your correct batterypercentage?');
INSERT INTO error_codes VALUES('change-user-info',401,'You are not authorized to perform this action, did you correctly enter your current password?');
INSERT INTO error_codes VALUES('homepage',400,'Could not load sockets');
INSERT INTO error_codes VALUES('homepage',408,'The sockets took too long to load. Please try again later');
INSERT INTO error_codes VALUES('login',401,'Invalid credentials');
INSERT INTO error_codes VALUES('login',403,'You have not been verified yet. Please wait till an admin verifies you');
INSERT INTO error_codes VALUES('my-cars',200,'Your car has successfully been removed');
INSERT INTO error_codes VALUES('my-cars',401,'Your token is invalid, please login again.');
INSERT INTO error_codes VALUES('new-car-form',202,'Your car has been created but not yet added to your account. Please wait until an admin verifies your car. ');
INSERT INTO error_codes VALUES('new-car-form',401,'Your token is invalid. Please login again.');
INSERT INTO error_codes VALUES('new-car-form',412,'Your car could not be created. Have you filled in all the required fields?');
INSERT INTO error_codes VALUES('registration',202,'Your account has succesfully been created, check your email.');
INSERT INTO error_codes VALUES('registration',409,'Your HanID or uidTag is already registered.');
INSERT INTO error_codes VALUES('registration',412,'Your account could not be created. Have you filled in all the required fields?');
INSERT INTO error_codes VALUES('verified-cars',202,'The car has been added to your account');
INSERT INTO error_codes VALUES('verified-cars',401,'Your token is invalid. Please login again');
CREATE TABLE measurements (
  V1 float NOT NULL,
  V2 float NOT NULL,
  V3 float NOT NULL,
  I1 float NOT NULL,
  I2 float NOT NULL,
  I3 float NOT NULL,
  P float NOT NULL,
  E float NOT NULL,
  F float NOT NULL,
  Time datetime NOT NULL DEFAULT CURRENT_TIMESTAMP,
  SoC float,
  socketId int NOT NULL,
  carId int,
  userId varchar,
  FOREIGN KEY (userId)
  REFERENCES users (uidTag) 
    ON UPDATE NO ACTION
    ON DELETE NO ACTION,
  FOREIGN KEY (socketId)
  REFERENCES charging_station_sockets (id) 
    ON UPDATE CASCADE
    ON DELETE CASCADE
);
INSERT INTO measurements VALUES(220.92408800000002955,227.84806799999999249,228.78170799999999474,31.253492000000000494,0.10239800000000001123,0.10009899999999998243,0.0,0.1003970000000000029,50.02564600000000361,1605774041,NULL,1,NULL,'NO ID');
INSERT INTO measurements VALUES(220.74707000000000078,227.66053799999999007,228.51153600000002619,31.535519000000000744,0.10415700000000001068,0.10005999999999999339,0.0,0.1003970000000000029,49.999530999999999281,1605774127,NULL,1,NULL,'NO ID');
INSERT INTO measurements VALUES(223.5689999999999955,230.55288699999998414,231.61862200000000733,31.272047000000000593,0.10230399999999999494,0.10037000000000000365,0.0,0.1003970000000000029,50.004661999999999721,1605774214,NULL,1,NULL,'NO ID');
INSERT INTO measurements VALUES(223.90998799999999313,230.69798299999999535,231.95208699999998458,31.163205999999998851,0.10573000000000001286,0.10124100000000000321,0.0,0.1003970000000000029,49.991196000000002186,1605774300,NULL,1,NULL,'NO ID');
INSERT INTO measurements VALUES(223.88752699999998618,230.82714800000001531,232.0188289999999931,31.17939799999999817,0.10492399999999999504,0.10018599999999999727,0.0,0.1003970000000000029,49.998009000000003254,1605774346,NULL,1,NULL,'NO ID');
INSERT INTO measurements VALUES(223.66763299999998793,230.56173699999997772,231.79455600000000714,31.263401000000001772,0.10412699999999999178,0.10052099999999999369,0.0,0.1003970000000000029,49.993217000000003125,1605774681,NULL,1,NULL,'NO ID');
INSERT INTO measurements VALUES(223.79158000000001216,230.6753999999999749,231.87866200000000205,31.241347999999997675,0.104394000000000009,0.10074800000000001531,0.0,0.1003970000000000029,49.989924999999999499,1605774766,NULL,1,NULL,'NO ID');
INSERT INTO measurements VALUES(223.51647900000002344,230.42599500000000567,231.64111300000000959,31.212824000000001234,0.10463999999999999968,0.1009000000000000119,0.0,0.1003970000000000029,50.006836000000003394,1605774942,NULL,1,NULL,'NO ID');
INSERT INTO measurements VALUES(223.51278699999999055,230.20455900000000859,231.63684099999999332,31.210974000000000216,0.10430800000000000071,0.099500000000000028421,0.0,0.1003970000000000029,50.014580000000004034,1605775326,NULL,1,NULL,'NO ID');
INSERT INTO measurements VALUES(223.56840500000001448,230.39328000000001139,231.58720400000003536,31.235123000000002413,0.10495699999999998919,0.10120199999999999196,0.0,0.1003970000000000029,50.008243999999999473,1605775807,NULL,1,NULL,'NO ID');
INSERT INTO measurements VALUES(223.34178200000001091,230.11064100000000465,231.30751000000007167,31.212997000000002323,0.10351500000000000145,0.10011499999999999843,0.0,0.1003970000000000029,50.033070000000003929,1605775947,NULL,1,NULL,'NO ID');
INSERT INTO measurements VALUES(223.36682099999993766,230.23367299999999424,231.49255399999999482,31.18892900000000079,0.10288399999999999767,0.1013310000000000155,0.0,0.1003970000000000029,50.021664000000001237,1605776361,NULL,1,NULL,'NO ID');
INSERT INTO measurements VALUES(223.9330900000000124,230.80326800000001696,231.98579399999998962,31.203285000000002824,0.10248699999999999477,0.099741999999999997328,0.0,0.1003970000000000029,50.034594999999999487,1605776592,NULL,1,NULL,'NO ID');
INSERT INTO measurements VALUES(223.9290309999999895,230.73039199999998416,232.03244000000000646,31.190123000000000708,0.10585100000000000619,0.10193499999999999783,0.0,0.1003970000000000029,50.038325999999999638,1605777179,NULL,1,NULL,'NO ID');
INSERT INTO measurements VALUES(223.51034499999999916,230.4365690000000022,231.74749800000000732,31.24040799999999951,0.10460099999999998843,0.098754999999999988347,0.0,0.1003970000000000029,50.040683999999995279,1605777256,NULL,1,NULL,'NO ID');
INSERT INTO measurements VALUES(223.26364100000000156,230.19831800000001287,231.6180270000000263,31.280764000000003122,0.10280799999999998828,0.099659999999999993036,0.0,0.1003970000000000029,50.051974999999995219,1605777444,NULL,1,NULL,'NO ID');
INSERT INTO measurements VALUES(223.24987799999997939,230.21107499999997614,231.30128500000002311,31.179137999999992914,0.10317499999999999449,0.098550000000000004263,0.0,0.1003970000000000029,50.070480000000001652,1605777597,NULL,1,NULL,'NO ID');
INSERT INTO measurements VALUES(223.02012599999998521,229.97515900000000677,231.0091400000000128,31.253119000000002536,0.10387599999999999056,0.10087099999999999955,0.0,0.1003970000000000029,50.081901999999995922,1605777741,NULL,1,NULL,'NO ID');
INSERT INTO measurements VALUES(223.24511700000000402,230.07148699999997454,231.28173799999998117,31.199093000000002184,0.10561700000000000532,0.10313999999999998724,0.0,0.1003970000000000029,50.072323000000000803,1605777818,NULL,1,NULL,'NO ID');
INSERT INTO measurements VALUES(223.21870399999999001,230.10008200000000577,231.42767300000000041,31.205134999999999401,0.10535999999999998699,0.10202999999999999847,0.0,0.1003970000000000029,50.067965999999994863,1605777903,NULL,1,NULL,'NO ID');
INSERT INTO measurements VALUES(223.15872200000002045,230.09429900000002433,231.31558199999999736,31.226196000000001617,0.10211699999999999111,0.10002299999999999524,0.0,0.1003970000000000029,50.061210999999996573,1605778038,NULL,1,NULL,'NO ID');
INSERT INTO measurements VALUES(223.14517199999999164,230.0333249999999996,231.19883699999999038,31.212113999999999691,0.1053379999999999983,0.1012890000000000068,0.0,0.1003970000000000029,50.05981799999999815,1605778278,NULL,1,NULL,'NO ID');
INSERT INTO measurements VALUES(223.28149399999999147,230.07092299999998274,231.29461700000000234,31.216368000000001003,0.10483400000000000495,0.10214799999999999435,0.0,0.1003970000000000029,50.043937999999998922,1605778442,NULL,1,NULL,'NO ID');
INSERT INTO measurements VALUES(223.36219800000001178,230.23506199999999033,231.36360199999996822,31.196659000000002137,0.1052780000000000049,0.10109700000000001463,0.0,0.1003970000000000029,50.047657000000000948,1605786149,NULL,1,NULL,'NO ID');
INSERT INTO measurements VALUES(223.20559700000002223,230.20352200000000486,231.41702300000002168,31.218493999999998855,0.10427999999999999491,0.099841999999999995196,0.0,0.1003970000000000029,50.032592999999998539,1605786431,NULL,1,NULL,'NO ID');
INSERT INTO measurements VALUES(222.92134100000002838,229.76748699999998137,230.93547100000000327,31.206559999999998744,0.10469500000000000472,0.10076100000000001166,0.0,0.1003970000000000029,50.023986999999996427,1605786638,NULL,1,NULL,'NO ID');
INSERT INTO measurements VALUES(223.90570099999997921,230.91427599999998498,232.29379300000001506,31.155236999999997848,0.10331500000000000127,0.10030900000000000371,0.0,0.1003970000000000029,50.029053000000001105,1605786781,NULL,1,NULL,'NO ID');
INSERT INTO measurements VALUES(227.63681000000000054,227.28971900000001227,228.21760599999998397,0.65700599999999997891,0.0,0.0,0.0,0.0,49.997761000000000564,1606117843,NULL,1,NULL,'NO ID');
INSERT INTO measurements VALUES(224.76709000000001381,227.77844200000001428,228.9286500000000224,15.110717000000000176,0.0,0.0,0.0,0.0,50.017703999999998387,1606117873,NULL,1,NULL,'NO ID');
INSERT INTO measurements VALUES(224.5883940000000134,227.70889299999996779,228.82479900000003425,15.025412000000000212,0.0,0.0,0.0,0.0,49.997540000000002535,1606117904,NULL,1,NULL,'NO ID');
INSERT INTO measurements VALUES(224.71652199999998522,227.85868800000002032,229.04309099999999865,15.023444999999999716,0.0,0.0,0.0,0.0,50.018645999999993279,1606117934,NULL,1,NULL,'NO ID');
INSERT INTO measurements VALUES(224.98785400000000933,227.95931999999998751,229.12980699999998535,14.978530999999999373,0.050409000000000006025,0.0,0.0,0.0,49.995842000000001448,1606117964,NULL,1,NULL,'NO ID');
INSERT INTO measurements VALUES(224.97242700000001924,228.16776999999999198,229.33293199999997824,14.997000999999999137,0.051131999999999999673,0.0,0.0,0.0,50.003467999999999804,1606117994,NULL,1,NULL,'NO ID');
INSERT INTO measurements VALUES(224.93843099999999424,228.16027800000000524,229.24563600000000818,14.99924800000000058,0.0,0.0,0.0,0.0,50.004344999999998933,1606118024,NULL,1,NULL,'NO ID');
INSERT INTO measurements VALUES(225.03207399999998195,228.19848600000001148,229.41323900000001323,15.048818000000001582,0.050612999999999992439,0.0,0.0,0.0,50.006083999999999534,1606118055,NULL,1,NULL,'NO ID');
INSERT INTO measurements VALUES(224.95311000000000056,228.10714700000001009,229.30996700000001453,15.066814000000001705,0.050026000000000001577,0.050984000000000007091,0.0,0.0,50.004711000000003906,1606118085,NULL,1,NULL,'NO ID');
INSERT INTO measurements VALUES(224.72264100000001185,228.06118799999999247,229.21549999999997204,15.09420199999999923,0.0,0.0,0.0,0.0,50.018711000000006805,1606118115,NULL,1,NULL,'NO ID');
INSERT INTO measurements VALUES(224.61111499999999452,227.8954160000000062,229.05969200000000363,15.117027999999999465,0.051067999999999997839,0.050548999999999999488,0.0,0.0,50.0097659999999955,1606118145,NULL,1,NULL,'NO ID');
INSERT INTO measurements VALUES(224.96662899999999574,228.12722800000000411,229.25965900000000452,15.074266000000000609,0.05135300000000000864,0.0,0.0,0.0,50.007500000000000284,1606118175,NULL,1,NULL,'NO ID');
INSERT INTO measurements VALUES(225.11144999999999072,228.35632299999999439,229.50111400000001715,15.083878999999999592,0.0,0.0,0.0,0.0,50.03001400000000487,1606118205,NULL,1,NULL,'NO ID');
INSERT INTO measurements VALUES(225.09124800000002153,228.35258500000001902,229.51725800000000177,15.100704000000000348,0.05,0.0,0.0,0.0,50.027691000000000798,1606118236,NULL,1,NULL,'NO ID');
INSERT INTO measurements VALUES(224.84707600000000127,228.01669300000000362,229.18525700000000888,15.083077000000000289,0.0,0.0,0.0,0.0,50.003089999999996706,1606118266,NULL,1,NULL,'NO ID');
INSERT INTO measurements VALUES(224.83599899999999749,228.10763499999997527,229.20596299999997924,15.098848000000000268,0.0,0.0,0.0,0.0,50.008774000000002502,1606118297,NULL,1,NULL,'NO ID');
INSERT INTO measurements VALUES(224.78402700000001956,228.03428600000001935,229.16424599999998257,15.101639000000000478,0.050652000000000008128,0.050167999999999999261,0.0,0.0,50.028091000000003418,1606118328,NULL,1,NULL,'NO ID');
INSERT INTO measurements VALUES(224.68670699999999662,227.9694670000000034,229.01135300000001748,15.117487000000000563,0.050312000000000001165,0.0,0.0,0.0,50.007488000000002159,1606118358,NULL,1,NULL,'NO ID');
INSERT INTO measurements VALUES(224.73281900000001698,228.10092200000000595,229.02917500000001815,15.105698999999999543,0.051699999999999999289,0.0,0.0,0.0,49.995738999999996821,1606118389,NULL,1,NULL,'NO ID');
INSERT INTO measurements VALUES(224.76679999999999992,228.03811600000001291,228.96578999999999126,15.108779000000001069,0.050328999999999997072,0.0,0.0,0.0,50.012520000000000308,1606118419,NULL,1,NULL,'NO ID');
INSERT INTO measurements VALUES(224.81980899999998158,228.15789799999999232,229.02972399999996788,15.082458000000000808,0.0,0.0,0.0,0.0,49.966208999999999207,1606118449,NULL,1,NULL,'NO ID');
INSERT INTO measurements VALUES(224.67233300000000184,227.85942100000000642,228.8767089999999893,15.108962999999999254,0.0,0.0,0.0,0.0,49.965232999999997787,1606118479,NULL,1,NULL,'NO ID');
INSERT INTO measurements VALUES(224.60504199999999919,227.63819899999999663,228.76206999999997293,15.099693000000000253,0.0,0.0,0.0,0.0,49.958793999999997481,1606118510,NULL,1,NULL,'NO ID');
INSERT INTO measurements VALUES(224.79261799999998849,227.97045900000001417,229.09231600000001805,15.071048000000000222,0.050075000000000002842,0.0,0.0,0.0,49.981552000000002422,1606118540,NULL,1,NULL,'NO ID');
INSERT INTO measurements VALUES(225.10874899999997467,228.32463100000000011,229.35243199999999497,15.032662999999999442,0.0,0.0,0.0,0.0,49.983826000000002309,1606118570,NULL,1,NULL,'NO ID');
INSERT INTO measurements VALUES(225.10493500000001709,228.51075700000000878,229.38885500000001371,15.017220999999998376,0.050248999999999997001,0.050048000000000003595,0.0,0.0,49.972446000000001475,1606118601,NULL,1,NULL,'NO ID');
INSERT INTO measurements VALUES(225.29121399999998409,228.68386799999997904,229.5595249999999865,15.005690000000000416,0.0,0.050514999999999998792,0.0,0.0,49.97989299999999524,1606118631,NULL,1,NULL,'NO ID');
INSERT INTO measurements VALUES(225.0293730000000103,228.50505100000000346,229.4273220000000002,15.364027999999998463,0.0,0.0,0.0,0.0,49.975478999999998208,1606118661,NULL,1,NULL,'NO ID');
INSERT INTO measurements VALUES(224.70635999999997167,228.23803699999998251,229.20866399999999529,15.340071000000000012,0.050617000000000000881,0.050384999999999999786,0.0,0.0,49.977122999999998853,1606118692,NULL,1,NULL,'NO ID');
INSERT INTO measurements VALUES(224.83215300000001235,228.26538099999997832,229.26088000000000022,15.28807000000000027,0.050981999999999993988,0.0,0.0,0.0,49.983887000000004618,1606118722,NULL,1,NULL,'NO ID');
INSERT INTO measurements VALUES(224.86842300000002836,228.32772800000000756,229.33642599999997102,15.249216000000000548,0.0,0.05009700000000000486,0.0,0.0,49.991585000000000604,1606118752,NULL,1,NULL,'NO ID');
INSERT INTO measurements VALUES(225.32980299999998408,228.66854899999999872,229.75955200000002243,15.202275000000000204,0.0,0.0,0.0,0.0,49.995036999999999949,1606118783,NULL,1,NULL,'NO ID');
INSERT INTO measurements VALUES(225.31207300000000159,228.6851500000000037,229.75996400000000541,15.163155999999999856,0.0,0.0,0.0,0.0,49.980418999999995932,1606118813,NULL,1,NULL,'NO ID');
INSERT INTO measurements VALUES(225.53517199999997266,228.84794600000000208,229.949249,15.149060000000000414,0.050860000000000002984,0.0,0.0,0.0,50.036312000000000566,1606118843,NULL,1,NULL,'NO ID');
INSERT INTO measurements VALUES(225.58767699999999756,228.68925500000001349,229.88359099999997603,15.110263999999999917,0.0,0.0,0.0,0.0,50.025211000000000538,1606118874,NULL,1,NULL,'NO ID');
INSERT INTO measurements VALUES(225.16268899999998254,228.38740500000000999,229.47134399999997711,14.7696840000000007,0.05016899999999999693,0.0,0.0,0.0,50.030909999999995108,1606118904,NULL,1,NULL,'NO ID');
INSERT INTO measurements VALUES(225.45649700000001125,228.68414299999999528,229.8679809999999879,14.728813000000000599,0.0,0.0,0.0,0.0,50.026836000000001192,1606118934,NULL,1,NULL,'NO ID');
INSERT INTO measurements VALUES(225.05781599999998832,228.34756500000001899,229.4502109999999817,14.767888000000000126,0.0,0.0,0.0,0.0,50.030136000000000606,1606118964,NULL,1,NULL,'NO ID');
INSERT INTO measurements VALUES(225.35353100000001802,228.45342999999997957,229.79966699999998525,14.77076400000000067,0.0,0.0,0.0,0.0,50.012756000000004874,1606118994,NULL,1,NULL,'NO ID');
INSERT INTO measurements VALUES(225.36549400000001064,228.6417689999999947,229.75794999999998857,14.914051000000001501,0.0,0.0,0.0,0.0,50.036301000000005245,1606119024,NULL,1,NULL,'NO ID');
INSERT INTO measurements VALUES(225.49082899999999263,228.67215000000000735,229.7499849999999899,14.932316000000001032,0.05285800000000000054,0.0,0.0,0.0,50.015952999999999661,1606119055,NULL,1,NULL,'NO ID');
INSERT INTO measurements VALUES(225.60623199999998433,228.83708199999999166,229.84338399999999502,14.925945000000000462,0.050117000000000002657,0.0,0.0,0.0,50.051094000000002637,1606119085,NULL,1,NULL,'NO ID');
INSERT INTO measurements VALUES(225.70480299999999829,229.0358889999999814,230.0515900000000169,14.922359999999999402,0.0,0.0,0.0,0.0,50.023986999999996427,1606119115,NULL,1,NULL,'NO ID');
INSERT INTO measurements VALUES(225.41088899999999206,228.73712199999998162,229.83107000000000397,14.954458999999999946,0.0,0.0,0.0,0.0,50.026840000000003527,1606119146,NULL,1,NULL,'NO ID');
INSERT INTO measurements VALUES(225.55363500000003007,228.77110300000000897,229.81785600000002034,14.957671999999999634,0.0,0.050781000000000000582,0.0,0.0,49.992640999999995443,1606119176,NULL,1,NULL,'NO ID');
INSERT INTO measurements VALUES(225.54341099999999364,228.68028300000000641,229.68934600000001644,14.95341099999999912,0.0,0.0,0.0,0.0,50.025874999999997427,1606119206,NULL,1,NULL,'NO ID');
INSERT INTO measurements VALUES(225.77758800000000682,229.02461199999999408,229.98397800000001112,14.921298999999999423,0.0,0.0,0.0,0.0,50.023727000000004494,1606119237,NULL,1,NULL,'NO ID');
INSERT INTO measurements VALUES(225.56176799999998472,228.95321699999997555,229.83224500000001278,14.938221999999998779,0.0,0.0,0.0,0.0,50.030754000000001724,1606119267,NULL,1,NULL,'NO ID');
INSERT INTO measurements VALUES(225.54786700000000188,229.01370199999999677,229.96357700000000789,14.935412999999999605,0.0,0.0,0.0,0.0,50.056460999999998762,1606119298,NULL,1,NULL,'NO ID');
INSERT INTO measurements VALUES(225.89028899999998856,229.34892300000000453,230.14056400000000301,14.92670200000000058,0.0,0.050077000000000007062,0.0,0.0,50.042206000000000187,1606119328,NULL,1,NULL,'NO ID');
INSERT INTO measurements VALUES(226.18409700000001727,229.28778099999997941,230.28373700000002166,14.908056999999999447,0.0,0.0,0.0,0.0,50.035861999999999838,1606119358,NULL,1,NULL,'NO ID');
INSERT INTO measurements VALUES(226.22183200000001157,229.44625900000001905,230.44432100000000751,14.917253999999999791,0.0,0.0,0.0,0.0,50.046081999999998402,1606119389,NULL,1,NULL,'NO ID');
INSERT INTO measurements VALUES(226.16548199999999546,229.55369600000001817,230.49916100000000795,14.900876000000000232,0.0,0.0,0.0,0.0,50.043716000000006971,1606119420,NULL,1,NULL,'NO ID');
INSERT INTO measurements VALUES(226.15174900000001301,229.50561500000001835,230.40373199999999442,14.914502999999998955,0.0,0.0,0.0,0.0,50.0097659999999955,1606119450,NULL,1,NULL,'NO ID');
INSERT INTO measurements VALUES(225.97421299999997934,229.39916999999998559,230.36344899999998681,14.923026999999999375,0.050959000000000003183,0.0,0.0,0.0,50.004134999999996225,1606119480,NULL,1,NULL,'NO ID');
INSERT INTO measurements VALUES(225.8468169999999997,229.14233400000001417,230.108474999999979,14.940799000000000162,0.0,0.0,0.0,0.0,50.016616999999996551,1606119510,NULL,1,NULL,'NO ID');
INSERT INTO measurements VALUES(225.97473099999998424,229.13255299999999436,230.24372899999998587,14.925677999999999556,0.0,0.0,0.0,0.0,50.017447999999999908,1606119540,NULL,1,NULL,'NO ID');
INSERT INTO measurements VALUES(225.79852300000000653,228.85795600000000682,230.07948300000000685,14.944703999999999766,0.0,0.0,0.0,0.0,50.031654000000003179,1606119571,NULL,1,NULL,'NO ID');
INSERT INTO measurements VALUES(225.66748000000003138,228.84046900000001301,230.0041500000000294,14.923033999999999466,0.0,0.0,0.0,0.0,50.00867500000000021,1606119601,NULL,1,NULL,'NO ID');
INSERT INTO measurements VALUES(225.87577799999998262,228.97486900000001419,230.0301670000000076,14.93422499999999875,0.0,0.0,0.0,0.0,50.006190999999997615,1606119631,NULL,1,NULL,'NO ID');
INSERT INTO measurements VALUES(226.00561500000000414,228.98649600000000603,229.9983520000000059,14.906872999999998263,0.0,0.0,0.0,0.0,50.005462999999998885,1606119661,NULL,1,NULL,'NO ID');
INSERT INTO measurements VALUES(225.95692399999998123,229.13984699999998539,230.04476899999999339,14.911868999999999374,0.0,0.0,0.0,0.0,50.002754000000004808,1606119691,NULL,1,NULL,'NO ID');
INSERT INTO measurements VALUES(225.81585699999999761,228.84367399999998582,229.90652499999999491,14.94047300000000078,0.0,0.0,0.0,0.0,50.020828000000001622,1606119721,NULL,1,NULL,'NO ID');
INSERT INTO measurements VALUES(225.4970090000000038,228.64787300000002367,229.76510600000001893,14.962642999999999915,0.0,0.0,0.0,0.0,49.998237999999997072,1606119751,NULL,1,NULL,'NO ID');
INSERT INTO measurements VALUES(226.21531699999999354,229.19679300000002086,230.34056099999999922,15.100834999999999119,0.0,0.0,0.0,0.0,50.026260000000002392,1606119782,NULL,1,NULL,'NO ID');
INSERT INTO measurements VALUES(225.46095299999997507,228.45626800000000677,229.65826400000000084,15.206082999999999572,0.051034000000000006025,0.0,0.0,0.0,50.025069999999995928,1606119812,NULL,1,NULL,'NO ID');
INSERT INTO measurements VALUES(225.78694200000000158,228.67976400000000758,229.98100299999997275,15.082587000000000188,0.0,0.0,0.0,0.0,50.014766999999995533,1606119842,NULL,1,NULL,'NO ID');
INSERT INTO measurements VALUES(225.71012900000000378,228.65728800000000298,229.8846129999999821,15.06873000000000129,0.0,0.05044900000000000162,0.0,0.0,50.014468999999994736,1606119872,NULL,1,NULL,'NO ID');
INSERT INTO measurements VALUES(225.67811600000000638,228.62341299999999755,229.80737300000000367,15.015947000000000599,0.0,0.0,0.0,0.0,50.025547000000001318,1606119902,NULL,1,NULL,'NO ID');
INSERT INTO measurements VALUES(225.6481630000000127,228.61668399999999223,229.79492200000000146,15.02580099999999863,0.050143000000000004234,0.0,0.0,0.0,50.006050000000001887,1606119932,NULL,1,NULL,'NO ID');
INSERT INTO measurements VALUES(225.73783899999999569,228.67845199999998762,229.82769799999998028,14.992212999999998679,0.0,0.0,0.0,0.0,50.009182000000000911,1606119963,NULL,1,NULL,'NO ID');
INSERT INTO measurements VALUES(225.90667700000000017,228.85807800000002032,230.07182299999997532,14.987026999999999432,0.0,0.0,0.0,0.0,50.003410000000005908,1606119993,NULL,1,NULL,'NO ID');
INSERT INTO measurements VALUES(226.03526299999998627,228.96282999999999496,230.21319600000000882,14.985229000000000354,0.0,0.0,0.0,0.0,50.036575000000000912,1606120023,NULL,1,NULL,'NO ID');
INSERT INTO measurements VALUES(226.10203599999998402,229.15959200000002304,230.33137500000000486,14.981142999999999432,0.0,0.0,0.0,0.0,49.999824999999997743,1606120053,NULL,1,NULL,'NO ID');
INSERT INTO measurements VALUES(226.17887899999997713,229.20506299999998667,230.38560499999998221,14.976723000000000673,0.0,0.0,0.0,0.0,50.038634999999995756,1606120084,NULL,1,NULL,'NO ID');
INSERT INTO measurements VALUES(226.28712499999998897,229.24716200000001542,230.44338999999998129,14.961100999999999316,0.0,0.0,0.0,0.0,50.027400999999995789,1606120114,NULL,1,NULL,'NO ID');
INSERT INTO measurements VALUES(225.98091099999999542,229.02484100000002342,230.19114699999998485,14.978291999999999717,0.050670000000000001705,0.0,0.0,0.0,50.020404999999996675,1606120144,NULL,1,NULL,'NO ID');
INSERT INTO measurements VALUES(226.39189099999996734,229.11976599999999137,230.37638899999999253,14.962220999999999548,0.050028000000000005798,0.0,0.0,0.0,50.014823999999995507,1606120174,NULL,1,NULL,'NO ID');
INSERT INTO measurements VALUES(226.46633899999999428,229.25131200000001818,230.4447330000000349,14.97538599999999942,0.0,0.0,0.0,0.0,50.012306000000004146,1606120205,NULL,1,NULL,'NO ID');
INSERT INTO measurements VALUES(226.27804600000001045,229.21141099999999823,230.3805689999999906,14.963599000000000316,0.0,0.0,0.0,0.0,50.008838999999998264,1606120235,NULL,1,NULL,'NO ID');
INSERT INTO measurements VALUES(226.0390619999999906,0.0,0.0,15.004352999999999163,0.050952000000000001733,0.0,0.0,0.0,50.023998000000000629,1606120265,NULL,1,NULL,'NO ID');
INSERT INTO measurements VALUES(226.18739299999996994,229.1064910000000232,230.28962699999997454,14.968261999999999289,0.050138999999999995793,0.0,0.0,0.0,50.007880999999994031,1606120296,NULL,1,NULL,'NO ID');
INSERT INTO measurements VALUES(225.98715199999999114,228.9957579999999826,230.14616399999998641,15.00664399999999965,0.0,0.0,0.0,0.0,49.999530999999999281,1606120326,NULL,1,NULL,'NO ID');
INSERT INTO measurements VALUES(225.86968999999998963,228.82614100000000512,229.9717709999999915,15.006888999999999256,0.0,0.0,0.0,0.0,49.994895999999995339,1606120356,NULL,1,NULL,'NO ID');
INSERT INTO measurements VALUES(226.12383999999998707,229.20606999999999509,230.28247099999998859,14.987675000000000302,0.050666999999999990933,0.0,0.0,0.0,50.023971999999998772,1606120386,NULL,1,NULL,'NO ID');
INSERT INTO measurements VALUES(226.32298299999997759,229.18888900000000674,230.39771999999998364,14.99336100000000016,0.0,0.0,0.0,0.0,50.012740999999998336,1606120417,NULL,1,NULL,'NO ID');
INSERT INTO measurements VALUES(226.12071199999999038,229.0556950000000036,230.20461999999999314,14.974894999999999178,0.05000600000000000378,0.0,0.0,0.0,50.021824000000005838,1606120447,NULL,1,NULL,'NO ID');
INSERT INTO measurements VALUES(226.5878139999999874,229.58624300000001206,230.69053600000000159,14.955273999999998402,0.0515979999999999972,0.0,0.0,0.0,50.04760400000000331,1606120477,NULL,1,NULL,'NO ID');
INSERT INTO measurements VALUES(226.37695299999998077,229.44616700000000086,230.59747299999999725,14.950112999999999985,0.0,0.0,0.0,0.0,50.028285999999999589,1606120507,NULL,1,NULL,'NO ID');
INSERT INTO measurements VALUES(226.38633700000001525,229.57054100000000573,230.63946500000001016,14.96412600000000026,0.050044999999999992823,0.0,0.0,0.0,50.032299000000000077,1606120538,NULL,1,NULL,'NO ID');
INSERT INTO measurements VALUES(226.28460700000001537,229.5281520000000075,230.5905909999999892,14.946146000000000597,0.050673000000000003595,0.0,0.0,0.0,50.021465000000002731,1606120568,NULL,1,NULL,'NO ID');
INSERT INTO measurements VALUES(226.10926799999999659,229.27725200000002026,230.27343799999999696,14.96519900000000014,0.050087999999999999189,0.050464999999999999857,0.0,0.0,50.034115000000003448,1606120599,NULL,1,NULL,'NO ID');
INSERT INTO measurements VALUES(226.05575600000000768,229.19653300000000228,230.28486599999999917,14.975279999999999702,0.050373000000000001108,0.0,0.0,0.0,50.00594699999999726,1606120629,NULL,1,NULL,'NO ID');
INSERT INTO measurements VALUES(226.36071799999997189,229.61108399999998752,230.66072100000001299,14.966267000000000209,0.0,0.0,0.0,0.0,49.996983000000003727,1606120660,NULL,1,NULL,'NO ID');
INSERT INTO measurements VALUES(226.59722900000001111,229.750595000000013,230.75372299999998837,14.950589000000000794,0.0,0.0,0.0,0.0,50.032798999999998912,1606120690,NULL,1,NULL,'NO ID');
INSERT INTO measurements VALUES(226.564773999999991,229.48144500000000611,230.60186799999997653,14.913681999999999661,0.0,0.0,0.0,0.0,50.026375000000005144,1606120721,NULL,1,NULL,'NO ID');
INSERT INTO measurements VALUES(226.89335600000002379,229.95362900000002603,230.96867400000000714,14.910864999999999369,0.0,0.0,0.0,0.0,50.017386999999997598,1606120752,NULL,1,NULL,'NO ID');
INSERT INTO measurements VALUES(226.53419500000002706,229.42057799999999723,230.4698789999999775,14.927875999999999478,0.0,0.0,0.0,0.0,50.015862000000002041,1606120782,NULL,1,NULL,'NO ID');
INSERT INTO measurements VALUES(226.62858599999999853,229.7896269999999852,230.73078899999996949,14.913140000000000284,0.0,0.0,0.0,0.0,50.02992600000000678,1606120812,NULL,1,NULL,'NO ID');
INSERT INTO measurements VALUES(226.47111500000001171,229.67839100000002616,230.59375000000001953,14.954181000000000167,0.0,0.0,0.0,0.0,50.01503800000000055,1606120842,NULL,1,NULL,'NO ID');
INSERT INTO measurements VALUES(226.51052899999997158,229.78286699999999065,230.71293600000002399,14.936106000000000548,0.0,0.0,0.0,0.0,50.025855999999997436,1606120872,NULL,1,NULL,'NO ID');
INSERT INTO measurements VALUES(226.16462699999999585,229.51597599999997711,230.41830399999998491,14.963675000000000281,0.0,0.0,0.0,0.0,50.01649900000000315,1606120902,NULL,1,NULL,'NO ID');
INSERT INTO measurements VALUES(226.49278299999999752,229.79406700000000185,230.80227700000000012,14.951091000000000796,0.0,0.050151000000000003353,0.0,0.0,50.017608999999998431,1606120932,NULL,1,NULL,'NO ID');
INSERT INTO measurements VALUES(226.3060610000000139,229.67408800000002067,230.6576689999999985,14.970974999999999255,0.0,0.0,0.0,0.0,50.028655999999998016,1606120962,NULL,1,NULL,'NO ID');
INSERT INTO measurements VALUES(226.38703899999996771,229.64462299999999217,230.65837099999999537,14.979848000000000496,0.0,0.0,0.0,0.0,50.035964999999995583,1606120993,NULL,1,NULL,'NO ID');
INSERT INTO measurements VALUES(226.45913699999997703,229.54582199999999936,230.62826499999999896,14.941772000000000275,0.0,0.0,0.0,0.0,50.005988999999999577,1606121023,NULL,1,NULL,'NO ID');
INSERT INTO measurements VALUES(226.49995399999998113,229.70671099999999675,230.67167699999999719,14.955693999999999377,0.0,0.0,0.0,0.0,50.017197000000006568,1606121054,NULL,1,NULL,'NO ID');
INSERT INTO measurements VALUES(226.75889599999998758,229.84611500000000638,230.8508150000000203,14.89267000000000074,0.0,0.0,0.0,0.0,50.003288000000001289,1606121084,NULL,1,NULL,'NO ID');
INSERT INTO measurements VALUES(226.95747399999999238,230.09843399999998503,231.07679700000001155,14.902903999999999484,0.0,0.0,0.0,0.0,50.027203000000000088,1606121114,NULL,1,NULL,'NO ID');
INSERT INTO measurements VALUES(226.90766899999998962,230.29502900000000664,231.03198200000001349,14.89994000000000085,0.0,0.0,0.0,0.0,50.005752999999995012,1606121144,NULL,1,NULL,'NO ID');
INSERT INTO measurements VALUES(227.03436300000001679,230.41201799999999622,231.12196400000000195,14.894529000000000351,0.0,0.0,0.0,0.0,50.037177999999995492,1606121175,NULL,1,NULL,'NO ID');
INSERT INTO measurements VALUES(226.96272300000002175,230.18434100000000341,231.03906200000001724,14.90515999999999952,0.0,0.0,0.0,0.0,50.037964000000005881,1606121205,NULL,1,NULL,'NO ID');
INSERT INTO measurements VALUES(227.0459590000000194,230.23725900000000521,231.11898800000001408,14.867489000000000842,0.050009999999999994457,0.0,0.0,0.0,50.027439000000004654,1606121235,NULL,1,NULL,'NO ID');
INSERT INTO measurements VALUES(227.04760699999999573,230.32768200000002245,231.23654199999998937,14.887230000000000629,0.0,0.0,0.0,0.0,50.032134999999993141,1606121265,NULL,1,NULL,'NO ID');
INSERT INTO measurements VALUES(227.19007900000001143,230.44111599999999029,231.35414100000000203,14.874306999999999945,0.0,0.0,0.0,0.0,50.032252999999995424,1606121295,NULL,1,NULL,'NO ID');
INSERT INTO measurements VALUES(227.00341800000001235,230.19648699999999408,231.22761499999997525,14.870454999999999756,0.0,0.0,0.0,0.0,50.011947999999994962,1606121325,NULL,1,NULL,'NO ID');
INSERT INTO measurements VALUES(226.72849999999997727,229.92506399999999011,231.04844700000000123,14.920056999999999902,0.0,0.0,0.0,0.0,50.039126999999998801,1606121355,NULL,1,NULL,'NO ID');
INSERT INTO measurements VALUES(226.80660999999999738,229.99971000000001275,231.06089800000000344,14.894114000000000075,0.050548999999999999488,0.0,0.0,0.0,50.051871999999999474,1606121385,NULL,1,NULL,'NO ID');
INSERT INTO measurements VALUES(226.77662700000000839,229.80036899999998212,230.95515399999997363,14.895173999999999914,0.0,0.050853000000000001534,0.0,0.0,50.052086000000004517,1606121415,NULL,1,NULL,'NO ID');
INSERT INTO measurements VALUES(226.77769500000000135,229.83403000000000027,230.99133300000000978,14.908504000000000644,0.050243000000000002103,0.0,0.0,0.0,50.0481189999999998,1606121445,NULL,1,NULL,'NO ID');
INSERT INTO measurements VALUES(227.07089199999996864,230.18705700000001712,231.2377010000000066,14.897199999999999775,0.0,0.0,0.0,0.0,50.027916000000001162,1606121475,NULL,1,NULL,'NO ID');
INSERT INTO measurements VALUES(226.97242700000002102,229.93920899999999996,230.98909000000000801,14.892495000000001148,0.0,0.0,0.0,0.0,50.039405999999999608,1606121506,NULL,1,NULL,'NO ID');
INSERT INTO measurements VALUES(226.95207200000000469,229.82328800000000335,230.97856100000000445,14.845627999999999602,0.051192999999999999616,0.0,0.0,0.0,50.020496000000003178,1606121536,NULL,1,NULL,'NO ID');
INSERT INTO measurements VALUES(226.98742699999998606,230.11593600000002091,231.21186800000002037,14.828220999999999207,0.0,0.0,0.0,0.0,50.019852000000000202,1606121567,NULL,1,NULL,'NO ID');
INSERT INTO measurements VALUES(227.17562899999999004,230.27998400000000422,231.35426300000001553,14.825222000000000122,0.0,0.0,0.0,0.0,50.02467000000000219,1606121597,NULL,1,NULL,'NO ID');
INSERT INTO measurements VALUES(226.63699299999997549,229.82086200000000353,230.90167199999998004,14.857048000000001586,0.0,0.0,0.0,0.0,50.022602000000002675,1606121627,NULL,1,NULL,'NO ID');
INSERT INTO measurements VALUES(226.90860000000001583,229.94191000000001601,231.02977000000000096,14.888614000000000459,0.0,0.0,0.0,0.0,50.035224999999998729,1606121658,NULL,1,NULL,'NO ID');
INSERT INTO measurements VALUES(226.8103330000000195,229.98271199999997804,230.93849199999998411,14.86477999999999966,0.0,0.0,0.0,0.0,50.034431000000001432,1606121688,NULL,1,NULL,'NO ID');
INSERT INTO measurements VALUES(226.7195280000000146,229.79538000000001574,230.86483799999997224,14.880437999999999831,0.050259000000000000341,0.0,0.0,0.0,50.045337999999999212,1606121719,NULL,1,NULL,'NO ID');
INSERT INTO measurements VALUES(227.03657499999998492,230.03163099999999197,231.21673600000001158,14.799836000000001767,0.0,0.0,0.0,0.0,50.041504000000003316,1606121749,NULL,1,NULL,'NO ID');
INSERT INTO measurements VALUES(227.07211300000000875,230.06144699999997449,231.30660999999999027,14.821690999999999505,0.0,0.0,0.0,0.0,50.043498999999993515,1606121780,NULL,1,NULL,'NO ID');
INSERT INTO measurements VALUES(227.43850699999996756,230.35272199999998754,231.52029400000002645,14.807563999999999282,0.0,0.0,0.0,0.0,50.040642000000001843,1606121810,NULL,1,NULL,'NO ID');
INSERT INTO measurements VALUES(227.35578899999997481,230.3218989999999966,231.44981399999999815,14.785523000000000415,0.0,0.0,0.0,0.0,50.033188000000006212,1606121840,NULL,1,NULL,'NO ID');
INSERT INTO measurements VALUES(226.96850600000000319,229.77813700000000451,230.93731700000001971,14.866707999999999145,0.0,0.0,0.0,0.0,50.019835999999999742,1606121871,NULL,1,NULL,'NO ID');
INSERT INTO measurements VALUES(227.29367099999997492,230.2729639999999911,231.26463300000001943,14.826635999999999704,0.0,0.0,0.0,0.0,50.039920999999996098,1606121901,NULL,1,NULL,'NO ID');
INSERT INTO measurements VALUES(227.01158100000000672,229.89842199999999117,230.97110000000000695,14.830569000000000556,0.0,0.0,0.0,0.0,50.031821999999994687,1606121931,NULL,1,NULL,'NO ID');
INSERT INTO measurements VALUES(227.07627900000000309,230.10890200000000405,231.0999150000000224,14.82531499999999891,0.0,0.0,0.0,0.0,50.042914999999998926,1606121961,NULL,1,NULL,'NO ID');
INSERT INTO measurements VALUES(227.27976999999999208,230.31663499999996957,231.24571199999999215,14.825863999999999265,0.0,0.0,0.0,0.0,50.05980700000000283,1606121991,NULL,1,NULL,'NO ID');
INSERT INTO measurements VALUES(227.63685599999998743,230.59005699999999272,231.59129300000000917,14.765750999999999848,0.0,0.0,0.0,0.0,50.014083999999998653,1606122021,NULL,1,NULL,'NO ID');
INSERT INTO measurements VALUES(227.10748299999998778,229.9967350000000188,231.10345500000000207,14.798529000000000266,0.0,0.0,0.0,0.0,49.984130999999996092,1606122052,NULL,1,NULL,'NO ID');
INSERT INTO measurements VALUES(227.69177199999997007,230.48631299999997601,231.61073299999999086,14.783507999999998538,0.0,0.0,0.0,0.0,49.980750999999994377,1606122083,NULL,1,NULL,'NO ID');
INSERT INTO measurements VALUES(227.50918599999998548,230.39291399999997089,231.3937230000000067,14.816632000000000246,0.0,0.0,0.0,0.0,49.994266999999998901,1606122113,NULL,1,NULL,'NO ID');
INSERT INTO measurements VALUES(227.57409699999997521,230.35168499999998381,231.48640399999997896,14.785824000000000744,0.0,0.0,0.0,0.0,50.002253999999997091,1606122143,NULL,1,NULL,'NO ID');
INSERT INTO measurements VALUES(227.50913999999999859,230.38954199999999161,231.5061190000000213,14.782840999999999453,0.0,0.0,0.0,0.0,49.993426999999996951,1606122174,NULL,1,NULL,'NO ID');
INSERT INTO measurements VALUES(227.56451399999999551,230.51167299999999471,231.57955900000000148,14.795150999999999719,0.0,0.0,0.0,0.0,49.983897999999999939,1606122204,NULL,1,NULL,'NO ID');
INSERT INTO measurements VALUES(227.76524399999997783,230.75007599999999285,231.77612300000003386,14.812234000000000122,0.0,0.0,0.0,0.0,49.979542000000005685,1606122235,NULL,1,NULL,'NO ID');
INSERT INTO measurements VALUES(227.718430000000005,230.79104599999999969,231.81257600000000351,14.767505000000000769,0.0,0.0,0.0,0.0,49.979408000000002942,1606122265,NULL,1,NULL,'NO ID');
INSERT INTO measurements VALUES(227.95312499999997868,231.03335600000001193,232.08567800000001746,14.742145999999999972,0.0,0.0,0.0,0.0,49.988650999999997281,1606122296,NULL,1,NULL,'NO ID');
INSERT INTO measurements VALUES(227.2625119999999832,230.46090699999997042,231.49914599999998898,14.788114000000001091,0.0,0.0,0.0,0.0,49.959994999999999265,1606122326,NULL,1,NULL,'NO ID');
INSERT INTO measurements VALUES(227.15333599999998348,230.49491900000003141,231.53311199999997427,14.782702999999999704,0.0,0.0,0.0,0.0,49.964260000000004779,1606122356,NULL,1,NULL,'NO ID');
INSERT INTO measurements VALUES(227.11792000000001756,230.15983600000002873,231.25932300000000552,14.834555999999999187,0.0,0.0,0.0,0.0,49.975990000000001245,1606122387,NULL,1,NULL,'NO ID');
INSERT INTO measurements VALUES(227.44241299999998773,230.43864400000000358,231.53660600000001146,14.742974000000000245,0.0,0.0,0.0,0.0,49.979702000000001405,1606122417,NULL,1,NULL,'NO ID');
INSERT INTO measurements VALUES(228.10168499999998736,230.83987399999998935,231.93580600000003322,14.733352000000000003,0.0,0.0,0.0,0.0,49.984206999999996057,1606122448,NULL,1,NULL,'NO ID');
INSERT INTO measurements VALUES(228.24755899999997765,230.98690799999999079,231.96019000000003273,14.72171700000000083,0.0,0.0,0.0,0.0,49.98377599999999532,1606122478,NULL,1,NULL,'NO ID');
INSERT INTO measurements VALUES(227.90995800000000137,230.79347199999999951,231.72486899999999998,14.734334000000000486,0.0,0.0,0.0,0.0,50.003250000000001307,1606122508,NULL,1,NULL,'NO ID');
INSERT INTO measurements VALUES(227.85051000000002829,230.78903199999998285,231.7018129999999676,14.796597000000000221,0.0,0.0,0.0,0.0,49.998027999999994364,1606122538,NULL,1,NULL,'NO ID');
INSERT INTO measurements VALUES(228.04551699999997538,230.98182700000000622,231.83865400000001066,14.734640999999999877,0.0,0.0,0.0,0.0,49.989590000000001523,1606122568,NULL,1,NULL,'NO ID');
INSERT INTO measurements VALUES(227.930115000000022,230.92793299999998524,231.92799399999999288,14.737056000000001709,0.0,0.0,0.0,0.0,50.002243000000001771,1606122598,NULL,1,NULL,'NO ID');
INSERT INTO measurements VALUES(227.73339799999998689,230.64256300000001154,231.6416020000000131,14.750651999999999652,0.0,0.0,0.0,0.0,49.992728999999993533,1606122629,NULL,1,NULL,'NO ID');
INSERT INTO measurements VALUES(228.11389200000000698,230.88407900000000871,231.92376700000001399,14.706276000000000792,0.0,0.0,0.0,0.0,50.02879300000000029,1606122659,NULL,1,NULL,'NO ID');
INSERT INTO measurements VALUES(228.41679400000001187,231.10826100000001481,232.25730900000001177,14.713137000000000575,0.0,0.0,0.0,0.0,50.027194999999995417,1606122690,NULL,1,NULL,'NO ID');
INSERT INTO measurements VALUES(228.6201479999999897,231.15185500000001717,232.38403299999998985,14.662817999999999685,0.0,0.0,0.0,0.0,50.024506000000004135,1606122720,NULL,1,NULL,'NO ID');
INSERT INTO measurements VALUES(229.18904100000001555,231.18406700000000419,232.28175399999999584,11.331370000000000608,0.0,0.0,0.0,0.0,50.025032000000004828,1606122750,NULL,1,NULL,'NO ID');
INSERT INTO measurements VALUES(229.39277599999998713,231.42155500000001211,232.48933400000000304,9.7429229999999993339,0.0,0.0,0.0,0.0,50.018405999999995259,1606122781,NULL,1,NULL,'NO ID');
INSERT INTO measurements VALUES(229.73385600000000295,230.8477330000000105,231.98974599999999668,8.8517209999999995062,0.0,0.0,0.0,0.0,50.03184100000000356,1606122811,NULL,1,NULL,'NO ID');
INSERT INTO measurements VALUES(230.31426999999999871,231.35073899999998303,232.29493699999999023,6.9343469999999998165,0.0,0.0,0.0,0.0,50.011336999999995711,1606122841,NULL,1,NULL,'NO ID');
INSERT INTO measurements VALUES(230.5752560000000173,231.6756739999999759,232.45765700000000641,6.929274999999999629,0.0,0.0,0.0,0.0,50.031981999999999288,1606122871,NULL,1,NULL,'NO ID');
INSERT INTO measurements VALUES(230.53248600000002532,231.11100800000001775,231.98966999999997007,5.5118729999999995783,0.0,0.0,0.0,0.0,50.011440000000000338,1606122901,NULL,1,NULL,'NO ID');
INSERT INTO measurements VALUES(231.00141899999999672,231.46005199999999391,232.38751199999998497,5.5003719999999995948,0.0,0.0,0.0,0.0,50.031319000000005203,1606122931,NULL,1,NULL,'NO ID');
INSERT INTO measurements VALUES(225.5610809999999855,225.82856799999997399,226.61199999999999121,4.2046619999999998995,0.0,0.0,0.0,0.0,50.008656000000000219,1606122962,NULL,1,NULL,'NO ID');
INSERT INTO measurements VALUES(227.61778299999999575,227.91014099999999942,228.80789200000002381,4.1643280000000002516,0.0,0.0,0.0,0.0,50.006175999999999959,1606122992,NULL,1,NULL,'NO ID');
INSERT INTO measurements VALUES(227.49447599999998992,227.80306999999999639,228.71377599999997975,4.1659769999999998191,0.0,0.0,0.0,0.0,49.997673000000002474,1606123022,NULL,1,NULL,'NO ID');
INSERT INTO measurements VALUES(227.83348100000000435,227.70773300000000105,228.45192000000000831,3.0053510000000001056,0.0,0.0,0.0,0.0,49.984641999999999129,1606123053,NULL,1,NULL,'NO ID');
INSERT INTO measurements VALUES(227.92098999999996777,227.83927899999998345,228.74166900000001412,3.0260250000000001868,0.0,0.0,0.0,0.0,49.985264000000002582,1606123083,NULL,1,NULL,'NO ID');
INSERT INTO measurements VALUES(227.65902700000002489,227.72673000000001053,228.43193099999998807,3.0347409999999999108,0.0,0.0,0.0,0.0,50.005645999999996931,1606123114,NULL,1,NULL,'NO ID');
INSERT INTO measurements VALUES(227.71048000000000399,227.69929499999999045,228.48564099999997267,3.0371969999999999245,0.0,0.0,0.0,0.0,50.0097659999999955,1606123144,NULL,1,NULL,'NO ID');
INSERT INTO measurements VALUES(227.53355399999999342,227.58407599999999071,228.38082900000000741,3.0371559999999999668,0.0,0.0,0.0,0.0,50.005489000000000743,1606123174,NULL,1,NULL,'NO ID');
INSERT INTO measurements VALUES(227.6012880000000127,227.64675900000002073,228.29106100000000623,2.219018000000000157,0.0,0.0,0.0,0.0,49.995666999999999191,1606123205,NULL,1,NULL,'NO ID');
INSERT INTO measurements VALUES(227.68667599999998785,227.79058800000000495,228.43611100000003055,2.2167989999999999639,0.0,0.0,0.0,0.0,49.992049999999998988,1606123236,NULL,1,NULL,'NO ID');
INSERT INTO measurements VALUES(227.98080400000002576,228.04786699999999299,228.71853600000000561,2.2215549999999999464,0.0,0.0,0.0,0.0,50.003979000000002841,1606123266,NULL,1,NULL,'NO ID');
INSERT INTO measurements VALUES(227.69786100000000139,227.82919299999999651,228.45739699999998428,2.2169859999999999011,0.0,0.0,0.0,0.0,50.019058000000002905,1606123296,NULL,1,NULL,'NO ID');
INSERT INTO measurements VALUES(227.80941800000000796,228.01591500000002454,228.65771499999998361,2.2230289999999999217,0.0,0.0,0.0,0.0,49.993423000000003497,1606123326,NULL,1,NULL,'NO ID');
INSERT INTO measurements VALUES(228.21304300000000431,227.94370999999999938,228.49906899999998799,0.29431000000000002714,0.0,0.0,0.0,0.0,50.019073000000000561,1606123356,NULL,1,NULL,'NO ID');
INSERT INTO measurements VALUES(228.26268000000000668,228.04710400000001158,228.46615599999999801,0.29588799999999997325,0.0,0.0,0.0,0.0,50.030589999999994788,1606123386,NULL,1,NULL,'NO ID');
INSERT INTO measurements VALUES(228.03906199999999238,0.0,0.0,0.29457299999999996487,0.0,0.0,0.0,0.0,50.014979999999997772,1606123417,NULL,1,NULL,'NO ID');
INSERT INTO measurements VALUES(230.06091299999997801,229.63241600000001696,230.43614199999997715,0.56917300000000006221,0.0,0.0,0.0,0.0,49.995120999999995703,1606129777,NULL,1,NULL,'NO ID');
INSERT INTO measurements VALUES(227.36198400000002806,230.19444300000002634,231.28851299999997337,14.897316999999999254,0.0,0.0,0.0,0.0,50.002689000000000163,1606129807,NULL,1,NULL,'NO ID');
INSERT INTO measurements VALUES(227.40884399999998777,230.11190799999998723,231.36148099999997995,14.772016999999999953,0.050701999999999998181,0.050282000000000000028,0.0,0.0,50.007438999999997975,1606129837,NULL,1,NULL,'NO ID');
INSERT INTO measurements VALUES(227.52102700000000901,230.28581199999997863,231.45939599999998392,14.779700999999998423,0.050083000000000001961,0.0,0.0,0.0,49.987437999999997373,1606129867,NULL,1,NULL,'NO ID');
INSERT INTO measurements VALUES(227.54278600000001908,230.18969700000000422,231.32942199999999566,14.796633999999999176,0.0,0.0,0.0,0.0,50.001712999999998743,1606129897,NULL,1,NULL,'NO ID');
INSERT INTO measurements VALUES(227.76440400000002028,230.32130400000001557,231.4824980000000032,14.763519000000000502,0.0,0.0,0.0,0.0,50.014847000000006715,1606129928,NULL,1,NULL,'NO ID');
INSERT INTO measurements VALUES(227.69186399999998826,230.30519100000002019,231.45256000000000717,14.827135999999998539,0.0,0.0,0.0,0.0,50.008125000000003268,1606129958,NULL,1,NULL,'NO ID');
INSERT INTO measurements VALUES(227.95045499999999627,230.4472049999999772,231.68394499999998004,14.841922999999999532,0.0,0.0,0.0,0.0,49.999279000000003136,1606129988,NULL,1,NULL,'NO ID');
INSERT INTO measurements VALUES(227.7486109999999897,230.42344699999999235,231.49464399999999386,14.832798000000000371,0.0,0.0,0.0,0.0,50.021655999999996566,1606130019,NULL,1,NULL,'NO ID');
INSERT INTO measurements VALUES(227.52685500000002782,230.27320900000001202,231.24234000000001287,14.861084999999998323,0.0,0.0,0.0,0.0,50.019127000000001004,1606130050,NULL,1,NULL,'NO ID');
INSERT INTO measurements VALUES(227.69483899999998222,230.23574799999999562,231.4416050000000169,14.855684999999998474,0.0,0.0,0.0,0.0,49.998893999999998172,1606130081,NULL,1,NULL,'NO ID');
INSERT INTO measurements VALUES(227.77139299999999977,230.30871600000000221,231.58569299999998136,14.868567000000001421,0.0,0.0,0.0,0.0,50.033981000000000705,1606130111,NULL,1,NULL,'NO ID');
INSERT INTO measurements VALUES(228.13020299999999807,230.41892999999999958,231.74427799999999244,14.834901000000000337,0.0,0.0,0.0,0.0,50.004489999999996996,1606130142,NULL,1,NULL,'NO ID');
INSERT INTO measurements VALUES(227.91177400000002251,230.49940499999999055,231.73518400000001626,14.861264000000000251,0.0,0.0,0.0,0.0,50.020873999999997394,1606130173,NULL,1,NULL,'NO ID');
INSERT INTO measurements VALUES(227.92646799999998208,230.46125799999996885,231.66018699999999519,14.856178999999998247,0.051543999999999998706,0.0,0.0,0.0,49.981032999999994714,1606130203,NULL,1,NULL,'NO ID');
INSERT INTO measurements VALUES(227.77415500000000037,230.3817600000000354,231.55474899999997084,14.851031000000000759,0.0,0.0,0.0,0.0,50.003657999999999717,1606130233,NULL,1,NULL,'NO ID');
INSERT INTO measurements VALUES(227.75791899999999756,230.47193899999998123,231.54858400000000173,14.830402000000000306,0.0,0.0,0.0,0.0,50.009033000000000512,1606130264,NULL,1,NULL,'NO ID');
INSERT INTO measurements VALUES(228.05967699999998288,230.81155400000001876,231.84590099999997647,14.830695999999998768,0.050338000000000002742,0.0,0.0,0.0,50.007450000000002177,1606130294,NULL,1,NULL,'NO ID');
INSERT INTO measurements VALUES(227.97894299999996725,230.74398799999999987,231.82762100000000593,14.83010699999999904,0.0,0.0,0.0,0.0,50.001255000000002226,1606130324,NULL,1,NULL,'NO ID');
INSERT INTO measurements VALUES(227.65319800000001215,230.48837299999997973,231.56680299999998773,14.870744999999998547,0.0,0.0,0.0,0.0,50.018009000000001051,1606130355,NULL,1,NULL,'NO ID');
INSERT INTO measurements VALUES(227.5088499999999847,230.34593199999999768,231.37484699999997239,14.888977000000000572,0.0,0.0,0.0,0.0,50.023108999999994495,1606130385,NULL,1,NULL,'NO ID');
INSERT INTO measurements VALUES(227.39736900000000474,230.2683870000000077,231.30218500000001569,14.893326000000000064,0.0,0.0,0.0,0.0,50.026603999999998961,1606130416,NULL,1,NULL,'NO ID');
INSERT INTO measurements VALUES(227.50036600000003161,230.44743299999996821,231.4463040000000138,14.903679000000000343,0.0,0.0,0.0,0.0,50.029209000000003371,1606130447,NULL,1,NULL,'NO ID');
INSERT INTO measurements VALUES(227.46612499999998568,230.31281999999997367,231.42616299999998474,14.899791000000000451,0.0,0.0,0.0,0.0,50.042053000000006335,1606130477,NULL,1,NULL,'NO ID');
INSERT INTO measurements VALUES(227.41117900000000773,230.23001100000000107,231.33995099999999922,14.888424000000000546,0.0,0.0,0.0,0.0,50.022900000000003473,1606130507,NULL,1,NULL,'NO ID');
INSERT INTO measurements VALUES(227.46781899999999332,230.38020299999999451,231.57692000000000831,15.319544999999998857,0.0,0.0,0.0,0.0,49.998836999999998198,1606130537,NULL,1,NULL,'NO ID');
INSERT INTO measurements VALUES(227.6391450000000205,230.34646599999999416,231.61523399999999206,15.169608000000001091,0.051666999999999996262,0.051105999999999998095,0.0,0.0,50.012065999999997245,1606130568,NULL,1,NULL,'NO ID');
INSERT INTO measurements VALUES(227.42715499999999195,230.28845200000001014,231.39962800000000164,15.149037000000000752,0.05070299999999999585,0.0,0.0,0.0,50.035983999999995575,1606130598,NULL,1,NULL,'NO ID');
INSERT INTO measurements VALUES(227.24818400000001972,230.22247300000002745,231.1478270000000279,15.093697000000001473,0.0,0.0,0.0,0.0,50.015540999999998916,1606130628,NULL,1,NULL,'NO ID');
INSERT INTO measurements VALUES(227.43106100000001212,230.29711900000000568,231.33761599999997926,15.063363000000000724,0.0,0.0,0.0,0.0,50.01379000000000019,1606130659,NULL,1,NULL,'NO ID');
INSERT INTO measurements VALUES(227.74197400000000257,230.63765000000002736,231.5883640000000021,15.015041000000000082,0.0,0.0,0.0,0.0,50.0022349999999971,1606130689,NULL,1,NULL,'NO ID');
INSERT INTO measurements VALUES(227.78550699999997597,230.7113490000000322,231.56147799999997616,15.00868400000000058,0.0,0.0,0.0,0.0,50.008774000000002502,1606130719,NULL,1,NULL,'NO ID');
INSERT INTO measurements VALUES(227.60580400000001155,230.51629600000000941,231.42929100000002584,14.952631999999999479,0.0,0.0,0.0,0.0,49.996819000000005672,1606130749,NULL,1,NULL,'NO ID');
INSERT INTO measurements VALUES(227.66914400000000107,230.67356900000000052,231.6168820000000128,14.949942999999999315,0.0,0.0,0.0,0.0,49.996605000000000629,1606130779,NULL,1,NULL,'NO ID');
INSERT INTO measurements VALUES(227.96803299999996994,231.00682099999998442,231.93347200000000718,14.891441999999999623,0.0,0.0,0.0,0.0,50.014256000000001378,1606130810,NULL,1,NULL,'NO ID');
INSERT INTO measurements VALUES(228.06994599999996786,231.14581300000001107,232.03906199999999593,14.887349000000000387,0.0,0.0,0.0,0.0,50.008372999999997077,1606130840,NULL,1,NULL,'NO ID');
INSERT INTO measurements VALUES(227.99609400000000469,231.10112000000002652,231.89729299999997103,14.869444000000000549,0.0,0.0,0.0,0.0,50.003063000000000926,1606130870,NULL,1,NULL,'NO ID');
INSERT INTO measurements VALUES(228.5281219999999891,231.56221000000001275,232.4753110000000067,14.854286999999999352,0.0,0.0,0.0,0.0,50.014118000000005181,1606130900,NULL,1,NULL,'NO ID');
INSERT INTO measurements VALUES(228.47285500000000801,231.53332500000001203,232.43177799999998889,14.85100199999999937,0.0,0.0,0.0,0.0,50.036049000000000219,1606130930,NULL,1,NULL,'NO ID');
INSERT INTO measurements VALUES(228.53141799999998617,231.65763899999998187,232.47938500000002726,14.834825999999998735,0.0,0.0,0.0,0.0,50.039566000000004208,1606130960,NULL,1,NULL,'NO ID');
INSERT INTO measurements VALUES(228.61618000000003547,231.73303199999999435,232.58190899999999778,14.852857999999999449,0.0,0.0,0.0,0.0,50.007083999999997203,1606130990,NULL,1,NULL,'NO ID');
INSERT INTO measurements VALUES(228.71827699999998095,231.81402600000002856,232.765960999999999,14.817774999999999252,0.0,0.0,0.0,0.0,50.03027300000000288,1606131020,NULL,1,NULL,'NO ID');
INSERT INTO measurements VALUES(228.71768199999999993,231.65805100000000926,232.60087600000001195,14.915625000000001243,0.050618000000000007432,0.0,0.0,0.0,50.005524000000001194,1606131050,NULL,1,NULL,'NO ID');
INSERT INTO measurements VALUES(228.73901399999998496,231.60766599999997872,232.63162199999998236,14.912543000000000326,0.0,0.0,0.0,0.0,49.992412999999995548,1606131080,NULL,1,NULL,'NO ID');
INSERT INTO measurements VALUES(228.68243399999998999,231.58273299999998506,232.58218400000001402,14.877286000000000676,0.0,0.0,0.0,0.0,50.005882000000001497,1606131111,NULL,1,NULL,'NO ID');
INSERT INTO measurements VALUES(228.56459000000000081,231.47326699999997146,232.525176999999994,14.906470000000000553,0.0,0.0,0.0,0.0,49.993809000000002384,1606131141,NULL,1,NULL,'NO ID');
INSERT INTO measurements VALUES(227.8967129999999841,230.97151199999998993,231.88385000000000246,14.966931000000000651,0.0,0.0,0.0,0.0,49.992561000000002024,1606131171,NULL,1,NULL,'NO ID');
INSERT INTO measurements VALUES(228.20654300000002834,231.27261400000000968,232.19497699999998019,14.939612000000000335,0.0,0.0,0.0,0.0,49.995972000000001855,1606131201,NULL,1,NULL,'NO ID');
INSERT INTO measurements VALUES(228.59935000000000115,231.60313400000003269,232.43273900000001042,14.901763000000000758,0.0,0.0,0.0,0.0,50.004939999999997723,1606131232,NULL,1,NULL,'NO ID');
INSERT INTO measurements VALUES(228.37724299999999644,231.38665800000000061,232.34278900000000511,14.918355999999999284,0.0,0.0,0.0,0.0,49.991336999999997914,1606131262,NULL,1,NULL,'NO ID');
INSERT INTO measurements VALUES(228.62236000000000224,231.51110799999998768,232.37034599999999429,14.900467000000001682,0.0,0.0,0.0,0.0,49.998386000000003548,1606131293,NULL,1,NULL,'NO ID');
INSERT INTO measurements VALUES(228.27098100000000613,231.30709799999999987,232.25463899999998496,14.926413000000000153,0.0,0.0,0.0,0.0,50.007129999999992975,1606131323,NULL,1,NULL,'NO ID');
INSERT INTO measurements VALUES(228.30995199999999378,231.2693180000000126,232.40715000000000678,14.896639000000000407,0.0,0.0,0.0,0.0,50.02432600000000562,1606131353,NULL,1,NULL,'NO ID');
INSERT INTO measurements VALUES(228.27063000000000769,231.3993989999999723,232.39421099999999498,14.913899999999999934,0.0,0.0,0.0,0.0,50.015060000000000073,1606131384,NULL,1,NULL,'NO ID');
INSERT INTO measurements VALUES(228.58973700000002615,231.65556299999998657,232.55017100000001661,14.900373000000000089,0.050994999999999999218,0.0,0.0,0.0,50.007953999999994465,1606131415,NULL,1,NULL,'NO ID');
INSERT INTO measurements VALUES(228.48320000000001961,231.34416200000003094,232.40458699999999581,14.881071999999999633,0.0,0.0,0.0,0.0,50.004508999999996987,1606131445,NULL,1,NULL,'NO ID');
INSERT INTO measurements VALUES(228.87371800000000376,231.86000099999999335,232.79455599999998582,14.872023999999999688,0.0,0.0,0.0,0.0,50.000710000000001542,1606131475,NULL,1,NULL,'NO ID');
INSERT INTO measurements VALUES(228.56892399999999554,231.56971699999999714,232.51936299999997892,14.882350999999999885,0.0,0.0,0.0,0.0,49.998801999999997747,1606131505,NULL,1,NULL,'NO ID');
INSERT INTO measurements VALUES(228.71762100000001538,231.79211400000001574,232.64149499999997594,14.875367999999999923,0.0,0.0,0.0,0.0,50.009220000000000894,1606131536,NULL,1,NULL,'NO ID');
INSERT INTO measurements VALUES(228.40742499999997505,231.40348799999999052,232.37460300000001289,14.900810999999998252,0.0,0.0,0.0,0.0,50.012520000000000308,1606131566,NULL,1,NULL,'NO ID');
INSERT INTO measurements VALUES(228.36541700000001497,231.38882399999998185,232.32487499999998625,14.88379399999999908,0.0,0.0,0.0,0.0,50.004406000000001242,1606131596,NULL,1,NULL,'NO ID');
INSERT INTO measurements VALUES(228.28823900000001501,231.25442500000001899,232.18724100000001087,14.914293000000000688,0.0,0.0,0.0,0.0,49.994911000000001877,1606131626,NULL,1,NULL,'NO ID');
INSERT INTO measurements VALUES(228.59655800000000525,231.52305599999998264,232.52220200000000005,14.857226999999999961,0.0,0.0,0.0,0.0,50.001136999999999943,1606131657,NULL,1,NULL,'NO ID');
INSERT INTO measurements VALUES(228.53341700000000535,231.40489199999998426,232.3474119999999754,14.837097999999999231,0.0,0.0,0.0,0.0,50.004157999999998551,1606131687,NULL,1,NULL,'NO ID');
INSERT INTO measurements VALUES(228.78187599999999513,231.48112499999999869,232.5536189999999781,14.839216999999999657,0.0,0.0,0.0,0.0,49.995891999999999555,1606131718,NULL,1,NULL,'NO ID');
INSERT INTO measurements VALUES(228.72531099999999781,231.53478999999999032,232.55590799999996676,14.865515999999998619,0.0,0.0,0.0,0.0,50.0097659999999955,1606131748,NULL,1,NULL,'NO ID');
INSERT INTO measurements VALUES(228.88603199999999482,231.76725799999999821,232.82530200000000064,14.853021000000000029,0.0,0.0,0.0,0.0,50.006645000000000678,1606131779,NULL,1,NULL,'NO ID');
INSERT INTO measurements VALUES(228.89575199999998567,231.87426800000001669,232.79626499999999111,14.833576000000001648,0.0,0.0,0.0,0.0,50.011749000000005338,1606131809,NULL,1,NULL,'NO ID');
INSERT INTO measurements VALUES(228.84223900000000284,231.78056300000000611,232.74311800000000438,14.835256999999999472,0.0,0.0,0.0,0.0,50.02721400000000429,1606131840,NULL,1,NULL,'NO ID');
INSERT INTO measurements VALUES(228.90785199999998944,231.73748800000000258,232.66760300000002281,14.819879999999998609,0.0,0.0,0.0,0.0,50.038834000000003143,1606131870,NULL,1,NULL,'NO ID');
INSERT INTO measurements VALUES(228.82392899999999258,231.69064299999999612,232.77700800000000747,14.83481500000000075,0.0,0.0,0.0,0.0,50.012497000000006863,1606131900,NULL,1,NULL,'NO ID');
INSERT INTO measurements VALUES(228.80304000000002417,231.66935699999999798,232.78665200000001611,14.791833999999999704,0.0,0.0,0.0,0.0,50.02633699999999628,1606131931,NULL,1,NULL,'NO ID');
INSERT INTO measurements VALUES(228.99255400000000371,231.8888240000000156,232.91540500000000868,14.809312000000001141,0.0,0.0,0.0,0.0,49.996681000000000594,1606131961,NULL,1,NULL,'NO ID');
INSERT INTO measurements VALUES(229.10118100000000929,231.9750519999999927,232.89381399999999899,14.802572000000000507,0.0,0.0,0.0,0.0,50.003754000000002477,1606131992,NULL,1,NULL,'NO ID');
INSERT INTO measurements VALUES(228.89750699999997785,231.88192700000000989,232.84922800000003029,14.801536999999999721,0.0,0.0,0.0,0.0,50.019241000000000951,1606132022,NULL,1,NULL,'NO ID');
INSERT INTO measurements VALUES(227.98008699999998682,230.79486099999999559,231.70475800000001065,14.898962000000000038,0.0,0.0,0.0,0.0,50.018001999999999185,1606132052,NULL,1,NULL,'NO ID');
INSERT INTO measurements VALUES(226.35845900000002295,229.32682799999999367,230.21107499999997614,14.987178000000000999,0.051623999999999998777,0.0,0.0,0.0,50.015090999999998189,1606132082,NULL,1,NULL,'NO ID');
INSERT INTO measurements VALUES(226.6704250000000087,229.42600999999998023,230.33557099999999451,14.996485999999999982,0.050446999999999997399,0.0,0.0,0.0,50.012473999999995655,1606132113,NULL,1,NULL,'NO ID');
INSERT INTO measurements VALUES(226.42173799999998351,229.27590900000001106,230.21489000000001645,15.012055000000000148,0.0,0.0,0.0,0.0,50.008183000000006046,1606132143,NULL,1,NULL,'NO ID');
INSERT INTO measurements VALUES(226.36105299999997875,229.39964299999999752,230.3021390000000057,15.018387999999999848,0.0,0.050234000000000005314,0.0,0.0,50.022602000000002675,1606132173,NULL,1,NULL,'NO ID');
INSERT INTO measurements VALUES(226.61303699999999494,229.59181200000000622,230.43580600000002078,14.988927999999999585,0.0,0.0,0.0,0.0,50.013576999999997951,1606132203,NULL,1,NULL,'NO ID');
INSERT INTO measurements VALUES(225.94010899999998898,228.90156600000000075,229.84986900000001774,15.011509999999999465,0.0,0.0,0.0,0.0,50.005180000000004625,1606132233,NULL,1,NULL,'NO ID');
INSERT INTO measurements VALUES(226.30239900000002073,229.25849899999999337,230.28547699999997178,15.002870999999999845,0.0,0.0,0.0,0.0,49.996380000000000265,1606132264,NULL,1,NULL,'NO ID');
INSERT INTO measurements VALUES(226.19393900000002162,229.03021200000002188,230.1279909999999873,15.01330199999999948,0.0,0.0,0.0,0.0,50.0097659999999955,1606132294,NULL,1,NULL,'NO ID');
INSERT INTO measurements VALUES(225.96032699999999415,228.81497200000002756,229.88139300000001163,15.060916999999999887,0.0,0.0,0.0,0.0,50.008868999999993576,1606132324,NULL,1,NULL,'NO ID');
INSERT INTO measurements VALUES(226.02180500000002005,228.94039900000002774,229.9720150000000185,14.982191999999998621,0.0,0.0,0.0,0.0,50.027683000000005009,1606132354,NULL,1,NULL,'NO ID');
INSERT INTO measurements VALUES(226.34170499999997083,229.23651099999999836,230.27313199999999149,15.005708000000000268,0.050312000000000001165,0.0,0.0,0.0,50.042209999999993641,1606132384,NULL,1,NULL,'NO ID');
INSERT INTO measurements VALUES(225.94128399999999778,228.75338699999998581,229.83660900000000282,15.010438999999999865,0.0,0.0,0.0,0.0,50.028885000000000715,1606132415,NULL,1,NULL,'NO ID');
INSERT INTO measurements VALUES(226.12814299999999256,228.9156649999999793,230.03906199999999415,14.997144000000000474,0.050509000000000003893,0.051461999999999994415,0.0,0.0,50.043937999999998922,1606132445,NULL,1,NULL,'NO ID');
INSERT INTO measurements VALUES(226.06324799999999441,228.97999599999998565,230.09028599999998832,14.99906399999999973,0.0,0.0,0.0,0.0,50.021740000000001202,1606132475,NULL,1,NULL,'NO ID');
INSERT INTO measurements VALUES(225.97911100000001027,228.85058599999998918,230.04299900000000356,15.033710000000000128,0.050777000000000001023,0.0,0.0,0.0,50.031166000000002469,1606132506,NULL,1,NULL,'NO ID');
INSERT INTO measurements VALUES(225.98243700000000266,228.7561949999999733,229.9216610000000216,15.055742000000000402,0.0,0.0,0.0,0.0,50.028652000000004562,1606132536,NULL,1,NULL,'NO ID');
INSERT INTO measurements VALUES(225.94601399999998392,228.70805399999998286,229.85427899999999468,15.070090999999998793,0.0,0.0,0.0,0.0,50.041644999999999043,1606132567,NULL,1,NULL,'NO ID');
INSERT INTO measurements VALUES(225.99394200000002541,228.75293000000000986,229.81260700000003538,15.020739999999999092,0.0,0.0,0.0,0.0,50.020740999999997455,1606132597,NULL,1,NULL,'NO ID');
INSERT INTO measurements VALUES(226.24668900000002302,229.03759799999998669,230.06298799999997939,14.978301000000000087,0.0,0.0,0.0,0.0,50.012832999999998762,1606132627,NULL,1,NULL,'NO ID');
INSERT INTO measurements VALUES(226.01857000000000752,228.83779899999998619,229.87185700000001276,14.973622999999999905,0.0,0.0,0.0,0.0,49.999927999999993488,1606132658,NULL,1,NULL,'NO ID');
INSERT INTO measurements VALUES(226.03791799999997103,228.84350599999998543,229.87266500000003155,14.993556999999999135,0.0,0.050278000000000000468,0.0,0.0,50.020347999999996702,1606132688,NULL,1,NULL,'NO ID');
INSERT INTO measurements VALUES(226.14209000000000671,229.05679299999999187,230.04533399999997911,15.003007999999999455,0.050106999999999999317,0.050219000000000004746,0.0,0.0,50.004092999999993907,1606132718,NULL,1,NULL,'NO ID');
INSERT INTO measurements VALUES(226.11122099999998447,229.10139499999999657,229.9489289999999908,15.010230999999998324,0.0,0.0,0.0,0.0,50.020252000000002823,1606132748,NULL,1,NULL,'NO ID');
INSERT INTO measurements VALUES(226.0993190000000208,229.02735899999999702,230.06294299999998642,14.996033999999999863,0.0,0.050026000000000001577,0.0,0.0,50.018089000000003352,1606132779,NULL,1,NULL,'NO ID');
INSERT INTO measurements VALUES(226.15293900000001947,229.07515000000002736,230.1258390000000098,15.001492000000000714,0.0,0.0,0.0,0.0,50.038844999999998464,1606132809,NULL,1,NULL,'NO ID');
INSERT INTO measurements VALUES(225.79933199999997484,228.71412699999997819,229.78305099999998262,15.056160000000000209,0.0,0.0,0.0,0.0,49.9827999999999939,1606132839,NULL,1,NULL,'NO ID');
INSERT INTO measurements VALUES(225.67251600000002298,228.57782000000002042,229.61712599999999362,15.028593000000000756,0.05170200000000000351,0.0,0.0,0.0,49.985394000000002989,1606132869,NULL,1,NULL,'NO ID');
INSERT INTO measurements VALUES(225.58387799999999323,228.44636499999997347,229.39280700000002077,15.041562000000001653,0.0,0.051215000000000001634,0.0,0.0,49.981457000000002466,1606132900,NULL,1,NULL,'NO ID');
INSERT INTO measurements VALUES(225.50967399999999329,228.41560400000000541,229.35490400000002608,15.057160000000000543,0.0,0.0,0.0,0.0,49.986171999999999826,1606132930,NULL,1,NULL,'NO ID');
INSERT INTO measurements VALUES(225.6340030000000052,228.3937679999999748,229.3262480000000103,15.019109999999999516,0.0,0.0,0.0,0.0,49.961712000000000344,1606132961,NULL,1,NULL,'NO ID');
INSERT INTO measurements VALUES(225.61129800000001566,228.29359400000002189,229.3791660000000121,15.051719999999999544,0.0,0.0,0.0,0.0,49.989220000000003096,1606132991,NULL,1,NULL,'NO ID');
INSERT INTO measurements VALUES(225.65162700000001017,228.37651100000000425,229.49313399999997642,15.034309999999999618,0.0,0.0,0.0,0.0,49.974784999999997125,1606133021,NULL,1,NULL,'NO ID');
INSERT INTO measurements VALUES(225.76214600000001908,228.27047700000000496,229.43866000000001648,15.023347000000000228,0.0,0.0,0.0,0.0,49.982590000000000074,1606133051,NULL,1,NULL,'NO ID');
INSERT INTO measurements VALUES(225.6369630000000015,228.28476000000001988,229.41062900000002144,15.003090000000001147,0.0,0.0,0.0,0.0,49.996230999999999866,1606133082,NULL,1,NULL,'NO ID');
INSERT INTO measurements VALUES(225.55851699999998061,228.1776279999999879,229.20492600000001992,15.035959999999999325,0.0,0.0,0.0,0.0,49.982315000000001603,1606133112,NULL,1,NULL,'NO ID');
INSERT INTO measurements VALUES(225.43083200000002541,228.1051179999999956,229.18927000000000049,15.031487000000001152,0.0,0.0,0.0,0.0,49.980311999999997851,1606133142,NULL,1,NULL,'NO ID');
INSERT INTO measurements VALUES(225.36476099999998012,228.07215900000001873,229.12652600000003033,15.043115000000000236,0.0,0.0,0.0,0.0,49.97945800000000105,1606133172,NULL,1,NULL,'NO ID');
INSERT INTO measurements VALUES(225.32124300000000438,227.98994399999998883,229.01416000000001105,15.071915000000000617,0.050056999999999991501,0.050268999999999994798,0.0,0.0,49.970406000000000545,1606133203,NULL,1,NULL,'NO ID');
INSERT INTO measurements VALUES(225.43808000000002955,228.12664799999997633,229.123611000000027,15.041105999999999198,0.0,0.0,0.0,0.0,49.982880000000005082,1606133233,NULL,1,NULL,'NO ID');
INSERT INTO measurements VALUES(225.41500899999999951,228.12603799999999765,229.17186000000002721,15.052777000000001628,0.0,0.0,0.0,0.0,49.983073999999998449,1606133263,NULL,1,NULL,'NO ID');
INSERT INTO measurements VALUES(225.44908100000000672,228.10734599999999971,229.12454200000000881,15.03467200000000048,0.0,0.0,0.0,0.0,49.998116000000001335,1606133293,NULL,1,NULL,'NO ID');
INSERT INTO measurements VALUES(225.42199699999998507,228.05751000000000772,229.09071399999998419,15.048982999999999776,0.0,0.0,0.0,0.0,49.976807000000000869,1606133323,NULL,1,NULL,'NO ID');
INSERT INTO measurements VALUES(225.45341500000000145,228.09278900000000689,229.07559200000000565,15.048712000000000088,0.0,0.0,0.0,0.0,49.987941999999998543,1606133354,NULL,1,NULL,'NO ID');
INSERT INTO measurements VALUES(225.23306299999998891,227.87988299999999419,228.90113799999998178,15.054408000000001344,0.0,0.0,0.0,0.0,50.00304800000000327,1606133384,NULL,1,NULL,'NO ID');
INSERT INTO measurements VALUES(225.34295700000002149,227.95082099999999236,229.02821399999999663,15.099412999999999307,0.0,0.0,0.0,0.0,50.001514000000000237,1606133414,NULL,1,NULL,'NO ID');
INSERT INTO measurements VALUES(225.4561160000000175,228.0940399999999979,229.28611800000000542,15.063575999999998522,0.0,0.0,0.0,0.0,50.004124000000000904,1606133445,NULL,1,NULL,'NO ID');
INSERT INTO measurements VALUES(225.43695100000000763,228.15225200000002203,229.28353900000000287,15.093573000000000128,0.0,0.050327999999999999403,0.0,0.0,50.022922999999996918,1606133475,NULL,1,NULL,'NO ID');
INSERT INTO measurements VALUES(224.95625299999999491,227.79417400000001592,228.90792800000001605,15.10802100000000081,0.0,0.0,0.0,0.0,49.994743000000001487,1606133505,NULL,1,NULL,'NO ID');
INSERT INTO measurements VALUES(225.29782100000002031,228.03906199999999238,0.0,15.071842000000000183,0.050595999999999996532,0.050138999999999995793,0.0,0.0,50.023289000000001891,1606133536,NULL,1,NULL,'NO ID');
INSERT INTO measurements VALUES(225.09173599999998671,227.64816300000001447,228.95193499999999531,15.074769999999999114,0.0,0.0,0.0,0.0,50.003501999999997451,1606133567,NULL,1,NULL,'NO ID');
INSERT INTO measurements VALUES(225.35714699999997989,228.02383399999999191,229.12043799999999293,15.003598999999998575,0.050278999999999998138,0.0,0.0,0.0,50.013705999999995555,1606133597,NULL,1,NULL,'NO ID');
INSERT INTO measurements VALUES(225.85348500000002047,227.82638500000000902,228.71409600000003337,11.624001999999999945,0.0,0.0,0.0,0.0,50.020039000000000584,1606133627,NULL,1,NULL,'NO ID');
INSERT INTO measurements VALUES(225.93922399999999406,227.34828199999999043,228.28669700000001618,8.9444269999999992393,0.0,0.0,0.0,0.0,50.0097659999999955,1606133659,NULL,1,NULL,'NO ID');
INSERT INTO measurements VALUES(228.45275899999997193,229.93453999999999837,230.84588600000000013,8.817114000000000118,0.0,0.0,0.0,0.0,49.993286000000001223,1606133689,NULL,1,NULL,'NO ID');
INSERT INTO measurements VALUES(229.02392599999998878,230.00825499999999479,231.00103800000000298,6.8874859999999999971,0.0,0.0,0.0,0.0,50.043640000000007006,1606133719,NULL,1,NULL,'NO ID');
INSERT INTO measurements VALUES(229.15904199999999057,230.14048800000002081,231.02397199999997745,5.3079619999999998469,0.0,0.0,0.0,0.0,50.01141399999999848,1606133750,NULL,1,NULL,'NO ID');
INSERT INTO measurements VALUES(229.52446000000001902,230.11576800000002052,231.0202180000000105,5.2930539999999997036,0.0,0.0,0.0,0.0,50.013930999999995918,1606133780,NULL,1,NULL,'NO ID');
INSERT INTO measurements VALUES(229.44921900000001535,230.04913300000002784,230.87350500000001218,5.304778999999999911,0.0,0.0,0.0,0.0,50.011681000000001162,1606133810,NULL,1,NULL,'NO ID');
INSERT INTO measurements VALUES(229.75546300000000421,230.09230000000000515,230.76669299999998941,4.2038789999999996993,0.0,0.0,0.0,0.0,50.009113000000002813,1606133840,NULL,1,NULL,'NO ID');
INSERT INTO measurements VALUES(229.56626899999998947,229.94103999999997434,230.56069899999998007,4.2145229999999997971,0.0,0.0,0.0,0.0,49.998553999999995056,1606133870,NULL,1,NULL,'NO ID');
INSERT INTO measurements VALUES(229.54411299999999407,230.01681500000001889,230.55748000000000352,4.2171649999999996083,0.0,0.0,0.0,0.0,50.001049000000001854,1606133900,NULL,1,NULL,'NO ID');
INSERT INTO measurements VALUES(229.74562099999999986,229.75016799999998795,230.30882299999997364,3.072582999999999842,0.0,0.0,0.0,0.0,50.006481000000002623,1606133931,NULL,1,NULL,'NO ID');
INSERT INTO measurements VALUES(229.76632699999997022,229.72442599999998158,230.41522200000001951,3.0948240000000000193,0.0,0.0,0.0,0.0,50.028747999999998441,1606133961,NULL,1,NULL,'NO ID');
INSERT INTO measurements VALUES(229.77040099999999078,229.86918599999999202,230.569138000000029,3.0923699999999998411,0.0,0.0,0.0,0.0,50.024138999999996357,1606133991,NULL,1,NULL,'NO ID');
INSERT INTO measurements VALUES(229.8597410000000174,229.82901000000000024,230.61514299999998911,3.0967799999999998661,0.0,0.0,0.0,0.0,50.024208000000003337,1606134021,NULL,1,NULL,'NO ID');
INSERT INTO measurements VALUES(230.0485080000000071,230.06115700000000501,230.89622499999999938,3.0871219999999999217,0.0,0.0,0.0,0.0,50.037125000000006735,1606134052,NULL,1,NULL,'NO ID');
INSERT INTO measurements VALUES(230.16667200000000548,229.61781299999999284,230.42790200000000666,0.67557700000000000528,0.0,0.0,0.0,0.0,50.02547800000000322,1606134082,NULL,1,NULL,'NO ID');
INSERT INTO measurements VALUES(230.32116700000000442,229.58128399999999658,230.41818200000001581,0.59007200000000006312,0.0,0.0,0.0,0.0,50.029418999999997197,1606134112,NULL,1,NULL,'NO ID');
INSERT INTO measurements VALUES(230.30357399999998868,229.57009899999998303,230.31323200000000106,0.4026440000000000019,0.0,0.0,0.0,0.0,50.04389200000000315,1606134143,NULL,1,NULL,'NO ID');
INSERT INTO measurements VALUES(230.47560100000001881,229.90371700000000743,230.52708399999999322,0.40255600000000004712,0.0,0.0,0.0,0.0,50.025978000000002055,1606134173,NULL,1,NULL,'NO ID');
INSERT INTO measurements VALUES(230.35166899999999223,229.7782290000000227,230.35832199999997094,0.38577499999999997015,0.0,0.0,0.0,0.0,50.041405000000001024,1606134203,NULL,1,NULL,'NO ID');
INSERT INTO measurements VALUES(230.35360700000002687,229.85076900000001032,230.49505599999999816,0.38456800000000001205,0.0,0.0,0.0,0.0,50.039157999999996917,1606134234,NULL,1,NULL,'NO ID');
INSERT INTO measurements VALUES(230.70100400000002061,230.19923399999999702,230.80679299999999898,0.38506600000000004158,0.0,0.0,0.0,0.0,50.02465400000000173,1606134264,NULL,1,NULL,'NO ID');
INSERT INTO measurements VALUES(230.91726700000001493,230.30983000000002647,231.15313699999999741,0.38606099999999997862,0.0,0.0,0.0,0.0,50.050682000000001892,1606134294,NULL,1,NULL,'NO ID');
INSERT INTO measurements VALUES(230.79354900000002004,230.25834700000000765,230.93698100000001893,0.38354599999999997805,0.0,0.0,0.0,0.0,50.04892700000000083,1606134325,NULL,1,NULL,'NO ID');
INSERT INTO measurements VALUES(230.88145399999997486,230.18286099999998306,231.08490000000001529,0.38477299999999999613,0.0,0.0,0.0,0.0,50.044949000000000793,1606134355,NULL,1,NULL,'NO ID');
INSERT INTO measurements VALUES(230.75425699999998485,230.1937259999999874,230.99746699999998966,0.39964599999999999013,0.0,0.0,0.0,0.0,50.028816000000002617,1606134386,NULL,1,NULL,'NO ID');
INSERT INTO measurements VALUES(230.72041300000001307,230.1832119999999815,230.95527599999998713,0.38385799999999999698,0.0,0.0,0.0,0.0,50.026355999999996271,1606134416,NULL,1,NULL,'NO ID');
INSERT INTO measurements VALUES(230.73951699999999398,230.19160499999999913,230.93540999999997431,0.38274499999999997967,0.0,0.0,0.0,0.0,50.017440999999998041,1606134446,NULL,1,NULL,'NO ID');
INSERT INTO measurements VALUES(230.58854700000002146,230.22952299999999148,230.95916700000000965,0.38303300000000000125,0.0,0.0,0.0,0.0,50.020873999999997394,1606134477,NULL,1,NULL,'NO ID');
INSERT INTO measurements VALUES(230.76492299999999957,230.41654999999998665,231.06156900000001108,0.38270500000000001961,0.0,0.0,0.0,0.0,50.035224999999998729,1606134507,NULL,1,NULL,'NO ID');
INSERT INTO measurements VALUES(230.49707000000001499,230.11646999999997298,230.80432099999996786,0.38220799999999996998,0.0,0.0,0.0,0.0,50.024180999999998675,1606134537,NULL,1,NULL,'NO ID');
INSERT INTO measurements VALUES(230.7320400000000049,230.40121500000001475,231.06130999999998643,0.3826030000000000264,0.0,0.0,0.0,0.0,50.038894999999996571,1606134568,NULL,1,NULL,'NO ID');
INSERT INTO measurements VALUES(230.82670599999999261,230.49093599999999071,231.17015100000002369,0.38217200000000000059,0.0,0.0,0.0,0.0,50.04547099999999915,1606134599,NULL,1,NULL,'NO ID');
INSERT INTO measurements VALUES(230.3676760000000101,230.03462200000002191,230.67793299999999057,0.38195800000000001972,0.0,0.0,0.0,0.0,50.003894999999998205,1606134629,NULL,1,NULL,'NO ID');
INSERT INTO measurements VALUES(230.85656700000001251,230.45761100000001775,231.16920499999999982,0.38207100000000000505,0.0,0.0,0.0,0.0,50.004645999999999261,1606134659,NULL,1,NULL,'NO ID');
INSERT INTO measurements VALUES(230.53968799999999816,230.24815400000000487,230.87011699999999692,0.38199300000000002697,0.0,0.0,0.0,0.0,49.997379000000004012,1606134689,NULL,1,NULL,'NO ID');
INSERT INTO measurements VALUES(230.62258899999998895,230.2405090000000154,230.92845199999998406,0.38281999999999998252,0.0,0.0,0.0,0.0,49.982085999999998904,1606134720,NULL,1,NULL,'NO ID');
INSERT INTO measurements VALUES(230.68786600000001918,230.3119660000000124,230.98136899999999194,0.38204700000000002546,0.0,0.0,0.0,0.0,49.999844000000006616,1606134750,NULL,1,NULL,'NO ID');
INSERT INTO measurements VALUES(230.73864699999999672,230.32362399999999347,230.68330399999998903,0.38202799999999999869,0.0,0.0,0.0,0.0,49.990696000000003351,1606134780,NULL,1,NULL,'NO ID');
INSERT INTO measurements VALUES(230.60058599999999628,230.09774799999997973,230.67591899999997373,0.38235000000000001207,0.0,0.0,0.0,0.0,49.987659000000004283,1606134811,NULL,1,NULL,'NO ID');
INSERT INTO measurements VALUES(230.49401899999999443,230.06709299999998918,230.55989100000000568,0.38238100000000002864,0.0,0.0,0.0,0.0,49.990486000000000643,1606134841,NULL,1,NULL,'NO ID');
INSERT INTO measurements VALUES(230.48167400000001414,230.06686400000000425,230.59091199999999233,0.38174900000000002719,0.0,0.0,0.0,0.0,50.000812999999997288,1606134871,NULL,1,NULL,'NO ID');
INSERT INTO measurements VALUES(230.63256800000000446,230.10902400000001755,230.57865899999998582,0.38258999999999998564,0.0,0.0,0.0,0.0,49.99836000000000169,1606134901,NULL,1,NULL,'NO ID');
INSERT INTO measurements VALUES(230.73532100000000433,230.26257299999999261,230.68632500000001428,0.38248300000000003961,0.0,0.0,0.0,0.0,49.991504999999998304,1606134931,NULL,1,NULL,'NO ID');
INSERT INTO measurements VALUES(230.86462399999998496,230.23242200000000323,230.80415300000001188,0.38258599999999995944,0.0,0.0,0.0,0.0,49.990291999999998395,1606134961,NULL,1,NULL,'NO ID');
INSERT INTO measurements VALUES(230.9950559999999875,230.2759700000000187,231.03434799999997828,0.38282300000000004658,0.0,0.0,0.0,0.0,49.990050999999997571,1606134992,NULL,1,NULL,'NO ID');
INSERT INTO measurements VALUES(230.76568599999998099,230.28289799999996922,230.88024899999997074,0.38196200000000004592,0.0,0.0,0.0,0.0,49.987842999999996251,1606135022,NULL,1,NULL,'NO ID');
INSERT INTO measurements VALUES(230.96386700000000047,230.53802500000002417,231.12562599999999513,0.38478899999999999437,0.0,0.0,0.0,0.0,49.984947000000001793,1606135052,NULL,1,NULL,'NO ID');
INSERT INTO measurements VALUES(230.71612500000000522,230.28367599999999271,231.01205400000002221,0.38285499999999998976,0.0,0.0,0.0,0.0,50.003551000000001636,1606135082,NULL,1,NULL,'NO ID');
INSERT INTO measurements VALUES(230.73414599999999552,230.28134200000001108,231.03906200000001724,0.38243700000000000471,0.0,0.0,0.0,0.0,50.012427999999999883,1606135113,NULL,1,NULL,'NO ID');
INSERT INTO measurements VALUES(230.5233610000000155,230.17309599999999925,230.85772700000002366,0.38266799999999999926,0.0,0.0,0.0,0.0,50.009277000000000867,1606135143,NULL,1,NULL,'NO ID');
INSERT INTO measurements VALUES(230.43890400000002216,229.97637900000000854,230.68307500000000409,0.38263999999999995793,0.0,0.0,0.0,0.0,50.016234999999999999,1606135174,NULL,1,NULL,'NO ID');
INSERT INTO measurements VALUES(230.46408099999999841,230.07276899999999919,230.84045399999997272,0.38222500000000000142,0.0,0.0,0.0,0.0,50.016277000000002317,1606135204,NULL,1,NULL,'NO ID');
INSERT INTO measurements VALUES(230.44454999999999245,229.9657750000000167,230.72338900000000094,0.38215099999999999624,0.0,0.0,0.0,0.0,50.025710999999999373,1606135235,NULL,1,NULL,'NO ID');
INSERT INTO measurements VALUES(230.08482400000001,229.60137899999999433,230.23725900000000521,0.3825470000000000148,0.0,0.0,0.0,0.0,50.0010029999999972,1606135265,NULL,1,NULL,'NO ID');
INSERT INTO measurements VALUES(230.09344500000001865,229.69090300000001292,230.24426299999998235,0.39768399999999996197,0.0,0.0,0.0,0.0,49.996941000000001409,1606135295,NULL,1,NULL,'NO ID');
INSERT INTO measurements VALUES(230.24009699999998801,229.98109399999999702,230.69337500000002272,0.38089800000000000324,0.0,0.0,0.0,0.0,49.99910400000000088,1606135326,NULL,1,NULL,'NO ID');
INSERT INTO measurements VALUES(230.01472500000001986,229.80583199999999877,230.53048700000000614,0.38172600000000000974,0.0,0.0,0.0,0.0,50.014946000000000125,1606135356,NULL,1,NULL,'NO ID');
INSERT INTO measurements VALUES(230.30462600000003448,229.93713399999999857,230.68238800000000487,0.38184599999999999653,0.0,0.0,0.0,0.0,50.0097659999999955,1606135386,NULL,1,NULL,'NO ID');
INSERT INTO measurements VALUES(230.40591400000001165,229.94587699999997632,230.73553499999999161,0.38056599999999999539,0.0,0.0,0.0,0.0,50.024737999999997484,1606135416,NULL,1,NULL,'NO ID');
INSERT INTO measurements VALUES(230.37452699999998451,229.92533900000000635,230.70832800000000695,0.38084499999999996688,0.0,0.0,0.0,0.0,50.030890999999995116,1606135447,NULL,1,NULL,'NO ID');
INSERT INTO measurements VALUES(230.40008499999999891,229.98583999999997473,230.64289900000001232,0.3817769999999999797,0.0,0.0,0.0,0.0,50.035755000000001757,1606135477,NULL,1,NULL,'NO ID');
INSERT INTO measurements VALUES(230.47406000000001391,230.06025700000001243,230.69935599999999986,0.38277099999999997237,0.0,0.0,0.0,0.0,50.003077999999998581,1606135507,NULL,1,NULL,'NO ID');
INSERT INTO measurements VALUES(230.64096100000002209,230.35494999999999166,230.94723500000000626,0.38239000000000000767,0.0,0.0,0.0,0.0,50.0097659999999955,1606135537,NULL,1,NULL,'NO ID');
INSERT INTO measurements VALUES(230.86926299999999123,230.53243999999999402,231.29695100000002838,0.38133299999999996643,0.0,0.0,0.0,0.0,50.016647000000000744,1606135568,NULL,1,NULL,'NO ID');
INSERT INTO measurements VALUES(230.936752000000034,230.5460050000000205,231.21586600000001432,0.38175599999999999312,0.0,0.0,0.0,0.0,50.0097659999999955,1606135599,NULL,1,NULL,'NO ID');
INSERT INTO measurements VALUES(230.57658399999998444,230.24563599999998686,231.0833890000000057,0.38108999999999998209,0.0,0.0,0.0,0.0,49.999523000000003492,1606135629,NULL,1,NULL,'NO ID');
INSERT INTO measurements VALUES(230.61523399999996897,230.32853700000002206,231.20933500000000471,0.38067999999999999616,0.0,0.0,0.0,0.0,49.997658000000004818,1606135659,NULL,1,NULL,'NO ID');
INSERT INTO measurements VALUES(230.73819000000002077,230.46003700000001757,231.35426300000001553,0.38174999999999998934,0.0,0.0,0.0,0.0,50.020687000000005895,1606135689,NULL,1,NULL,'NO ID');
INSERT INTO measurements VALUES(230.54449500000000483,230.10777300000002654,230.86003100000000998,0.38178000000000000824,0.0,0.0,0.0,0.0,50.03864699999999388,1606135720,NULL,1,NULL,'NO ID');
INSERT INTO measurements VALUES(230.55915799999997517,230.13224800000000591,230.91375699999998616,0.38075199999999998823,0.0,0.0,0.0,0.0,50.006991999999996778,1606135750,NULL,1,NULL,'NO ID');
INSERT INTO measurements VALUES(230.86114499999998983,230.3356630000000127,231.18344099999998952,0.38148800000000001375,0.0,0.0,0.0,0.0,50.024948000000000192,1606135781,NULL,1,NULL,'NO ID');
INSERT INTO measurements VALUES(230.74379000000000417,230.26994300000001025,231.10501100000000462,0.38142700000000001381,0.0,0.0,0.0,0.0,50.030909999999995108,1606135811,NULL,1,NULL,'NO ID');
INSERT INTO measurements VALUES(230.76371799999999545,230.24955700000000469,231.14625499999998936,0.38114699999999999135,0.0,0.0,0.0,0.0,50.030884000000002131,1606135841,NULL,1,NULL,'NO ID');
INSERT INTO measurements VALUES(230.58790600000000914,230.24023399999999917,231.13229400000001589,0.38098900000000002208,0.0,0.0,0.0,0.0,50.051623999999996783,1606135872,NULL,1,NULL,'NO ID');
INSERT INTO measurements VALUES(230.56999200000003469,230.22624199999999206,231.17170699999998184,0.38071799999999997865,0.0,0.0,0.0,0.0,50.01698700000000386,1606135902,NULL,1,NULL,'NO ID');
INSERT INTO measurements VALUES(230.94546500000001643,0.0,0.0,0.38142700000000001381,0.0,0.0,0.0,0.0,50.023860999999998355,1606135933,NULL,1,NULL,'NO ID');
INSERT INTO measurements VALUES(230.85043299999998822,230.37744099999999392,231.21560699999998966,0.38059500000000001662,0.0,0.0,0.0,0.0,50.007511000000004486,1606135963,NULL,1,NULL,'NO ID');
INSERT INTO measurements VALUES(230.79347199999999951,230.39482100000001629,231.2832339999999931,0.38127399999999997959,0.0,0.0,0.0,0.0,50.029057000000003441,1606135993,NULL,1,NULL,'NO ID');
INSERT INTO measurements VALUES(230.70475799999998756,230.18855300000002905,231.09860200000000851,0.29945800000000000196,0.0,0.0,0.0,0.0,50.007210000000004157,1606136024,NULL,1,NULL,'NO ID');
INSERT INTO measurements VALUES(230.70677200000000439,230.24687199999998021,231.05848700000000128,0.29947400000000001796,0.0,0.0,0.0,0.0,50.022742999999998403,1606136054,NULL,1,NULL,'NO ID');
INSERT INTO measurements VALUES(229.23965499999998662,228.55473299999999881,229.51299999999998924,0.29749500000000001165,0.0,0.0,0.0,0.0,49.956417000000001849,1606143288,NULL,1,NULL,'NO ID');
INSERT INTO measurements VALUES(229.56481900000000884,229.0556950000000036,229.79016100000002609,0.29763299999999999201,0.0,0.0,0.0,0.0,49.985064999999995194,1606143319,NULL,1,NULL,'NO ID');
INSERT INTO measurements VALUES(229.44914199999999482,228.80624400000000306,229.58033800000001711,0.29857599999999999695,0.0,0.0,0.0,0.0,50.000866000000003808,1606143349,NULL,1,NULL,'NO ID');
INSERT INTO measurements VALUES(228.59428399999996983,229.51364100000000156,230.59715299999998805,5.4880940000000002498,0.0,0.0,0.0,0.0,50.008347000000004101,1606143591,NULL,1,NULL,'NO ID');
INSERT INTO measurements VALUES(226.89462300000000638,229.73052999999996615,230.85823099999998042,14.434144999999998226,0.0,0.0,0.0,0.0,49.989806999999997216,1606143621,NULL,1,NULL,'NO ID');
INSERT INTO measurements VALUES(227.04852299999997988,229.91607699999998537,231.02426099999999742,14.447977000000000735,0.0,0.0,0.0,0.0,50.006165000000004638,1606143651,NULL,1,NULL,'NO ID');
INSERT INTO measurements VALUES(226.99032599999999781,229.7142790000000101,230.90750099999999278,14.460201999999999777,0.0,0.0,0.0,0.0,50.043345999999999662,1606143681,NULL,1,NULL,'NO ID');
INSERT INTO measurements VALUES(228.68008399999997237,229.34725999999998613,230.27081300000000751,5.4600039999999996354,0.0,0.0,0.0,0.0,50.052177000000002138,1606143712,NULL,1,NULL,'NO ID');
INSERT INTO measurements VALUES(228.83903499999997954,229.22863799999997347,230.1523739999999929,4.3744810000000002858,0.0,0.0,0.0,0.0,50.055794000000002341,1606143742,NULL,1,NULL,'NO ID');
INSERT INTO measurements VALUES(229.31475800000002962,229.42280600000000134,230.2012330000000162,3.4313030000000002139,0.0,0.0,0.0,0.0,50.031863999999997005,1606143772,NULL,1,NULL,'NO ID');
INSERT INTO measurements VALUES(229.39071699999997733,229.39732400000001355,230.26008600000000825,2.6295570000000001442,0.0,0.0,0.0,0.0,50.032882999999994666,1606143802,NULL,1,NULL,'NO ID');
INSERT INTO measurements VALUES(229.35847499999999499,229.43589800000001588,230.20324699999998863,2.6862759999999998861,0.0,0.0,0.0,0.0,50.028647999999993345,1606143832,NULL,1,NULL,'NO ID');
INSERT INTO measurements VALUES(228.99244699999998786,229.11601300000001835,230.17948900000000378,2.6947999999999998621,0.0,0.0,0.0,0.0,50.025393999999998584,1606143862,NULL,1,NULL,'NO ID');
INSERT INTO measurements VALUES(229.39654499999999615,228.86398299999997085,229.90184000000000175,0.29791199999999999903,0.0,0.0,0.0,0.0,50.032538999999998097,1606143892,NULL,1,NULL,'NO ID');
INSERT INTO measurements VALUES(229.27761799999997194,228.74151600000001138,229.62579299999998916,0.29895800000000001261,0.0,0.0,0.0,0.0,50.013550000000002171,1606143923,NULL,1,NULL,'NO ID');
INSERT INTO measurements VALUES(229.35501099999999752,228.56312600000001644,229.58087200000001359,0.3035740000000000105,0.0,0.0,0.0,0.0,49.993350999999996986,1606144438,NULL,1,NULL,'NO ID');
INSERT INTO measurements VALUES(229.51011700000001347,228.84332299999998738,229.80130000000000833,0.30463800000000000878,0.0,0.0,0.0,0.0,50.018836999999995995,1606144468,NULL,1,NULL,'NO ID');
INSERT INTO measurements VALUES(226.83416699999998655,229.44863899999998757,230.60337799999999219,14.44059399999999993,0.0,0.0,0.0,0.0,49.998618999999999701,1606144499,NULL,1,NULL,'NO ID');
INSERT INTO measurements VALUES(226.48261999999999005,229.20114100000001933,230.37791400000000585,14.501770000000000493,0.0,0.0,0.0,0.0,50.009445000000001257,1606144529,NULL,1,NULL,'NO ID');
INSERT INTO measurements VALUES(226.80560299999998896,229.36329699999999931,230.64736899999997987,8.7862340000000003215,0.0,0.0,0.0,0.0,50.001918999999999115,1606144560,NULL,1,NULL,'NO ID');
INSERT INTO measurements VALUES(227.72573899999999369,229.07095299999999937,230.20037800000001659,8.6884270000000007883,0.0,0.0,0.0,0.0,49.987498999999999682,1606144590,NULL,1,NULL,'NO ID');
INSERT INTO measurements VALUES(227.60919200000002682,228.90978999999997967,230.02590899999999507,8.6937890000000006551,0.0,0.0,0.0,0.0,50.004024999999998613,1606144621,NULL,1,NULL,'NO ID');
INSERT INTO measurements VALUES(227.41079700000002006,228.76832600000001072,229.90614300000000724,8.6961189999999994881,0.0,0.0,0.0,0.0,50.014999000000006645,1606144651,NULL,1,NULL,'NO ID');
INSERT INTO measurements VALUES(227.58203099999998464,229.0097959999999766,230.09649699999998873,8.6930479999999992202,0.0,0.0,0.0,0.0,50.007350999999999885,1606144681,NULL,1,NULL,'NO ID');
INSERT INTO measurements VALUES(227.27706900000002043,228.80522199999999699,229.87589999999999967,8.6002550000000006491,0.0,0.0,0.0,0.0,49.997775999999998219,1606144712,NULL,1,NULL,'NO ID');
INSERT INTO measurements VALUES(227.38497899999998708,228.88391100000000655,229.96548500000000281,8.6899099999999993571,0.0,0.0,0.0,0.0,50.002872000000007091,1606144742,NULL,1,NULL,'NO ID');
INSERT INTO measurements VALUES(227.43987999999997207,228.87010199999999748,229.92050200000000437,8.6136839999999992301,0.0,0.0,0.0,0.0,50.00594699999999726,1606144772,NULL,1,NULL,'NO ID');
INSERT INTO measurements VALUES(227.85520899999998079,229.2853089999999927,0.0,8.589570999999999401,0.0,0.0,0.0,0.0,50.004772000000006215,1606144802,NULL,1,NULL,'NO ID');
INSERT INTO measurements VALUES(227.42915300000001721,228.94631999999996985,229.98146099999998703,8.6160180000000003985,0.0,0.0,0.0,0.0,49.992530999999997831,1606144832,NULL,1,NULL,'NO ID');
INSERT INTO measurements VALUES(227.41892999999997471,228.90034500000000505,229.8954929999999841,8.6081420000000008485,0.0,0.0,0.0,0.0,49.982810999999998102,1606144863,NULL,1,NULL,'NO ID');
INSERT INTO measurements VALUES(227.52864100000000924,229.12448100000002426,230.08793600000001511,8.5677669999999999106,0.0,0.0,0.0,0.0,49.98831199999999697,1606144893,NULL,1,NULL,'NO ID');
INSERT INTO measurements VALUES(227.46656800000000231,229.08616600000000218,230.05876199999999442,8.5529419999999998225,0.0,0.0,0.0,0.0,49.991965999999994352,1606144923,NULL,1,NULL,'NO ID');
INSERT INTO measurements VALUES(227.28282200000000656,228.88545199999996704,229.96087599999999184,8.5479299999999991399,0.0,0.0,0.0,0.0,49.998066000000003228,1606144954,NULL,1,NULL,'NO ID');
INSERT INTO measurements VALUES(227.57630899999998774,229.08152799999998983,230.22779799999999461,8.5587990000000004897,0.0,0.0,0.0,0.0,50.015578999999998899,1606144984,NULL,1,NULL,'NO ID');
INSERT INTO measurements VALUES(227.60653699999999766,229.11329700000000464,230.18554700000000146,8.5408360000000005385,0.0,0.0,0.0,0.0,50.02485999999999322,1606145014,NULL,1,NULL,'NO ID');
INSERT INTO measurements VALUES(227.20909100000001856,228.73642000000002916,229.76489299999998117,8.5023560000000006908,0.0,0.0,0.0,0.0,49.987700999999997719,1606145044,NULL,1,NULL,'NO ID');
INSERT INTO measurements VALUES(227.05728099999999969,228.74577300000002999,229.68710300000001467,8.5345420000000000726,0.0,0.0,0.0,0.0,50.001082999999999501,1606145075,NULL,1,NULL,'NO ID');
INSERT INTO measurements VALUES(227.1505579999999913,228.79966700000000656,229.68670700000002327,8.5602470000000003835,0.0,0.0,0.0,0.0,49.994605999999999212,1606145105,NULL,1,NULL,'NO ID');
INSERT INTO measurements VALUES(226.79757700000000575,228.45295700000001204,229.47172499999997086,8.5362639999999991857,0.0,0.0,0.0,0.0,49.993369999999996977,1606145135,NULL,1,NULL,'NO ID');
INSERT INTO measurements VALUES(226.74208099999999532,228.52970899999998088,229.41455099999998878,8.54361199999999954,0.0,0.0,0.0,0.0,49.986487999999997811,1606145165,NULL,1,NULL,'NO ID');
INSERT INTO measurements VALUES(227.27276599999997053,229.10380599999999873,229.97770700000002008,8.5303939999999993659,0.0,0.0,0.0,0.0,50.016888000000001568,1606145196,NULL,1,NULL,'NO ID');
INSERT INTO measurements VALUES(227.27064499999998226,229.07458499999999723,229.99534600000002271,8.5299250000000004234,0.0,0.0,0.0,0.0,50.034320999999994938,1606145226,NULL,1,NULL,'NO ID');
INSERT INTO measurements VALUES(227.46029700000001128,229.14756800000000147,230.10473600000000971,8.4965840000000003584,0.0,0.0,0.0,0.0,50.004641999999996926,1606145256,NULL,1,NULL,'NO ID');
INSERT INTO measurements VALUES(226.40197799999999261,228.70350600000000085,229.75491299999997174,11.586081999999999769,0.0,0.0,0.0,0.0,50.003760999999995462,1606145286,NULL,1,NULL,'NO ID');
INSERT INTO measurements VALUES(226.61807300000003095,229.11984300000001191,229.98504600000000408,11.225640000000001172,0.0,0.0,0.0,0.0,50.013778999999995988,1606145317,NULL,1,NULL,'NO ID');
CREATE TABLE users (
  id int,
  name varchar NOT NULL,
  uidTag varchar NOT NULL UNIQUE CHECK (length(uidTag) <= 45),
  hanId int DEFAULT NULL UNIQUE,
  LastStartOrStop datetime NOT NULL DEFAULT 0,
  password varchar,
  Remark varchar,
  token varchar DEFAULT NULL CHECK (length(token) <= 45),
  verified int NOT NULL DEFAULT 0,
  email varchar NOT NULL,
  admin tinyint NOT NULL DEFAULT 0  CHECK (length(admin) == 1),
  socketId tinyint DEFAULT NULL UNIQUE, 
  PRIMARY KEY (id, LastStartOrStop),
  FOREIGN KEY (socketId)
  REFERENCES charging_station_sockets (id) 
    ON UPDATE CASCADE
    ON DELETE NO ACTION
	
);
INSERT INTO users VALUES(1,'Yuri van Geffen','97 2D 39 5D',567745,1606234869,'$2a$10$oy4.e7SQXBihoXj6teo1VuILpO4b9wcGisF3R7CUC5LFz/esEZG6e','567745',NULL,1,'batogcristian@yahoo.com',0,3);
INSERT INTO users VALUES(2,'Trung Nguyen','04 4E 79 EA FA 4D 80',567744,1541761646,'$2a$10$oy4.e7SQXBihoXj6teo1VuILpO4b9wcGisF3R7CUC5LFz/esEZG6e','1234567890',NULL,1,'',0,NULL);
INSERT INTO users VALUES(3,'Test 1','BB 77 E3 59',0,1552305521,'$2a$10$oy4.e7SQXBihoXj6teo1VuILpO4b9wcGisF3R7CUC5LFz/esEZG6e','1234567890',NULL,1,'',0,NULL);
INSERT INTO users VALUES(4,'Test 2','8E FD B3 89',1,1552375671,'$2a$10$oy4.e7SQXBihoXj6teo1VuILpO4b9wcGisF3R7CUC5LFz/esEZG6e',NULL,NULL,1,'',0,NULL);
INSERT INTO users VALUES(5,'Trung Test','66 FB 67 D9',2,1552383791,'$2a$10$oy4.e7SQXBihoXj6teo1VuILpO4b9wcGisF3R7CUC5LFz/esEZG6e','1234567890',NULL,1,'',0,NULL);
INSERT INTO users VALUES(6,'Menno Merts','60 8A 8A 7C',3,1539787113,'$2a$10$oy4.e7SQXBihoXj6teo1VuILpO4b9wcGisF3R7CUC5LFz/esEZG6e','1234567890',NULL,1,'',0,NULL);
INSERT INTO users VALUES(7,'Dave Mateman','B6 06 DB DB',4,1552983009,'$2a$10$oy4.e7SQXBihoXj6teo1VuILpO4b9wcGisF3R7CUC5LFz/esEZG6e','1234567890',NULL,1,'',0,NULL);
INSERT INTO users VALUES(8,'Boes-Voet Maria','60 AD 8F 7C',5,1550765473,'$2a$10$oy4.e7SQXBihoXj6teo1VuILpO4b9wcGisF3R7CUC5LFz/esEZG6e','1234567890',NULL,1,'',0,NULL);
INSERT INTO users VALUES(9,'Dave Mateman','04 81 3C AA 92 31 80',6,0,'$2a$10$oy4.e7SQXBihoXj6teo1VuILpO4b9wcGisF3R7CUC5LFz/esEZG6e','1234567890',NULL,1,'',0,NULL);
INSERT INTO users VALUES(10,'Johan Brussen','80 41 84 7C',7,0,'$2a$10$oy4.e7SQXBihoXj6teo1VuILpO4b9wcGisF3R7CUC5LFz/esEZG6e',NULL,NULL,1,'',0,NULL);
INSERT INTO users VALUES(11,'Grijff Katja','B0 49 8A 7C',8,0,'$2a$10$oy4.e7SQXBihoXj6teo1VuILpO4b9wcGisF3R7CUC5LFz/esEZG6e','',NULL,1,'',0,NULL);
INSERT INTO users VALUES(12,'Johan Brussen','04 1F 51 12 13 3B 80',9,0,'$2a$10$oy4.e7SQXBihoXj6teo1VuILpO4b9wcGisF3R7CUC5LFz/esEZG6e',NULL,NULL,1,'',0,NULL);
INSERT INTO users VALUES(13,'Cornelissen Peter','90 03 8F 7C',10,1552978846,'$2a$10$oy4.e7SQXBihoXj6teo1VuILpO4b9wcGisF3R7CUC5LFz/esEZG6e',NULL,NULL,1,'',0,NULL);
INSERT INTO users VALUES(14,'New','67 1C B6 89',11,1548666182,'$2a$10$oy4.e7SQXBihoXj6teo1VuILpO4b9wcGisF3R7CUC5LFz/esEZG6e',NULL,NULL,1,'',0,NULL);
INSERT INTO users VALUES(15,'admin istrator','AA BB 11 22',111111,0,'$2a$10$NDKQjK/jInEG4kOc.v.Y3OaINkeiJc/veZdaNrOlKjI73CFvzga96','Dit is de admin','623u617k1ja4',1,'oose.canterbury@gmail.com',1,NULL);
INSERT INTO users VALUES(17,'Joris Huinink','04 5F 26 F2 80 46 80',597240,0,'$2a$10$jwBkXER50miroKbNqQXC4uoKdXILrstTc8G/IOF2aIz61YpRgbNq6',NULL,'804z227p2qt6',1,'jorishuinink@hotmail.nl',1,NULL);
INSERT INTO users VALUES(18,'Wouter Noordhof','04 2C 22 52 8A 55 80',605251,0,'$2a$10$oy4.e7SQXBihoXj6teo1VuILpO4b9wcGisF3R7CUC5LFz/esEZG6e',NULL,'366v228h8tu0',1,'wh.noordhof@student.han.nl',1,NULL);
INSERT INTO users VALUES(19,'Dennis Gommer','04 7F 79 5A 81 46 80',598695,0,'$2a$10$oy4.e7SQXBihoXj6teo1VuILpO4b9wcGisF3R7CUC5LFz/esEZG6e',NULL,'846g428y7wc5',1,'Dennis.Gommer@outlook.com',1,NULL);
INSERT INTO users VALUES(20,'Jasmijn Bartelds','45 HJ 67 JH',602898,0,'$2a$10$oy4.e7SQXBihoXj6teo1VuILpO4b9wcGisF3R7CUC5LFz/esEZG6e',NULL,'596y694a6my5',1,'jasmijn.bartelds@hotmail.nl',0,NULL);
INSERT INTO users VALUES(25,'Joris Huinink','BB EE RR GG EE NN 55',597241,0,'$2a$10$oy4.e7SQXBihoXj6teo1VuILpO4b9wcGisF3R7CUC5LFz/esEZG6e',NULL,'366b969x8za2',1,'jowjoris@gmail.com',0,NULL);
INSERT INTO users VALUES(26,'Arne Brethouwer','EV DA TA BA SE',234567,0,'$2a$10$oy4.e7SQXBihoXj6teo1VuILpO4b9wcGisF3R7CUC5LFz/esEZG6e',NULL,'154w504y9km5',1,'arne@ev-database.org',0,NULL);
INSERT INTO users VALUES(27,'JAN VERBEEK','66 53 D9 DB',123445,0,'$2a$10$6URffL6F2RHozY5wNX2WZ.mbO1OB8g9Nva0chM6Q72oM6sGIL8lni',NULL,'741d659r8az6',1,'jan.verbeek@han.nl',0,NULL);
INSERT INTO users VALUES(28,'VINCENT WIEGEL ','51 08 94 B9',987654,0,'$2a$10$My5DeZVe2DuEct8C83.JYO6u7IUPN.u/K/pK12vMxshzWUfOlSgzO',NULL,'681s331k2oz8',1,'vincent.wiegel@han.nl',0,NULL);
INSERT INTO users VALUES(29,'RESERVE CARD','96 A9 08 FD',443159,0,'$2a$10$QE7Hqk1OH7Q2L37W5QFpyOR.snK4.tTw0xZKL7AuRtixcuboz.Jd6',NULL,NULL,1,'NguyenXuan.Trung@han.nl',0,NULL);
INSERT INTO users VALUES(30,'testCard','1F 7E AC 29',443199,0,'$2a$10$QE7Hqk1OH7Q2L37W5QFpyOR.snK4.tTw0xZKL7AuRtixcuboz.Jd6',NULL,NULL,1,'cristian',0,NULL);
COMMIT;
